type,entry_time,entry_price,exit_time,exit_price,pnl,profitable,smma_gap,ltq_ratio,ltq_avg_2,ltq_avg_5,market_type,price_change,direction
BUY,2026-08-07 14:46:00,98.99195724715013,2026-08-07 17:01:00,98.37564921663248,-0.6163080305176436,0,0.02216545489353905,1.385833554200901,2091.5,1509.2,bull,-0.03406902808276868,BUY
BUY,2026-08-07 20:16:00,94.53693157353644,2026-08-07 21:27:00,90.91144041834148,-3.6254911551949505,0,0.06849566305736232,1.0813322429559142,2909.0,2690.2,bull,0.17176725697842699,BUY
BUY,2026-08-07 14:17:00,105.62204283710383,2026-08-07 17:09:00,108.26946501715433,2.647422180050498,1,0.09552851555434927,0.8829561769330689,2583.0,2925.4,bull,0.05283134703475412,BUY
BUY,2026-08-07 19:43:00,108.97333464150151,2026-08-07 22:06:00,109.67073677989235,0.6974021383908422,1,0.018243892864902023,0.8939797549280767,1678.0,1877.0,bull,0.09418559660815617,BUY
BUY,2026-08-07 09:39:00,101.70923155485806,2026-08-07 12:02:00,100.8219883599875,-0.8872431948705639,0,0.04397074660407441,0.4789068718492969,722.0,1507.6,bull,0.14171714019020953,BUY
BUY,2026-08-07 14:58:00,103.82753789036701,2026-08-07 16:53:00,103.02975506185173,-0.797782828515281,0,0.011165133223258294,0.9868575451771884,1682.0,1704.4,bull,0.6118928364133609,BUY
BUY,2026-08-07 14:47:00,104.99986098840007,2026-08-07 17:17:00,105.76736594342945,0.7675049550293807,1,0.0474593500548508,0.48905800659325244,1394.5,2851.4,bull,0.7064337053429455,BUY
BUY,2026-08-07 20:38:00,102.53372540856085,2026-08-07 21:44:00,99.46357110528128,-3.0701543032795797,0,0.005126841567303586,0.8883998552996504,1473.5,1658.6,bull,-0.7259379304520621,BUY
BUY,2026-08-07 13:39:00,106.51784815003543,2026-08-07 14:04:00,103.5481970393875,-2.9696511106479306,0,0.005971055161921868,0.8969124063094306,1603.5,1787.8,sideways,0.19622072530182777,BUY
BUY,2026-08-07 14:22:00,107.33450261029462,2026-08-07 17:36:00,110.88872155265344,3.5542189423588155,1,0.040321563288216566,1.218065693430657,1735.5,1424.8,bull,-0.06324720106344728,BUY
BUY,2026-08-07 19:28:00,112.92223049543746,2026-08-07 21:50:00,112.70038789671287,-0.22184259872459222,0,0.04149139403948254,1.1694503303003865,1876.5,1604.6,bull,-0.012866410243276505,BUY
SELL,2026-08-07 12:08:00,102.22465306711595,2026-08-07 13:16:00,106.31510203770661,-4.090448970590657,0,-0.029401825176364582,0.7205240174672489,858.0,1190.8,bear,0.03443751646400983,SELL
SELL,2026-08-07 17:35:00,112.40627537211692,2026-08-07 19:07:00,113.654846358331,-1.2485709862140766,0,-0.0379042804234615,0.8435968329772526,1342.5,1591.4,sideways,0.4776578682756991,SELL
BUY,2026-08-07 09:44:00,101.85005106146038,2026-08-07 11:55:00,100.30678003674683,-1.5432710247135475,0,0.041543282198560405,0.8030654301906234,1247.0,1552.8,bull,0.36186068209872246,BUY
BUY,2026-08-07 14:08:00,99.68258722542195,2026-08-07 17:06:00,100.11670348120664,0.43411625578468716,1,0.013898740077564753,1.2666139240506329,1601.0,1264.0,sideways,0.7665915952504037,BUY
BUY,2026-08-07 20:11:00,99.39503996304032,2026-08-07 21:56:00,97.481607233259,-1.91343272978132,0,0.02250349510298122,0.7396053558844257,1049.5,1419.0,bull,-0.32516701598088105,BUY
SELL,2026-08-07 09:27:00,99.69446252201882,2026-08-07 09:34:00,100.46982650400706,-0.7753639819882352,0,-0.004036942286347767,1.178819217175023,1801.0,1527.8,bull,0.29201880528546553,SELL
SELL,2026-08-07 13:56:00,105.46702763379027,2026-08-07 14:29:00,109.86141068730845,-4.394383053518183,0,-0.050135435508636306,0.6890736528355165,1757.0,2549.8,sideways,-0.31519780613260195,SELL
SELL,2026-08-07 17:22:00,110.38609354399495,2026-08-07 20:33:00,109.33848176601253,1.0476117779824108,1,-0.1595946329889415,0.918520745640409,1833.0,1995.6,bear,-0.780925419870286,SELL
SELL,2026-08-07 22:03:00,108.29640773293654,2026-08-07 23:35:00,109.72544549428791,-1.429037761351367,0,-0.01756563446313919,0.7300478116954763,1191.0,1631.4,bear,-0.5444057604643859,SELL
SELL,2026-08-07 10:39:00,99.40618882560182,2026-08-07 10:55:00,100.8373314130806,-1.4311425874787886,0,-0.01380254241111345,1.3637522304358909,2140.0,1569.2,bull,-0.17069090837770773,SELL
SELL,2026-08-07 11:56:00,97.66339252278462,2026-08-07 13:51:00,100.54062368700528,-2.8772311642206603,0,-0.07096768725251934,1.0984467136487848,1527.5,1390.6,bear,-0.5813813430025334,SELL
SELL,2026-08-07 17:00:00,101.49400681327627,2026-08-07 18:27:00,105.22962464660515,-3.735617833328874,0,-0.03943232959517218,1.1104334098737085,1547.5,1393.6,bear,-0.15451003164292842,SELL
SELL,2026-08-07 22:09:00,104.69848809165718,2026-08-07 23:48:00,107.72965056431102,-3.0311624726538327,0,-0.010460305229457845,1.0512648173041672,1720.5,1636.6,bear,0.06300176656594658,SELL
BUY,2026-08-07 13:17:00,107.40089148913387,2026-08-07 17:17:00,111.13398994870182,3.7330984595679553,1,0.013718646065058238,0.8781625619904178,2089.5,2379.4,sideways,0.17513105857140943,BUY
BUY,2026-08-07 20:22:00,109.33010411675794,2026-08-07 21:29:00,106.56721556913426,-2.7628885476236746,0,0.000762466578493104,0.7992840390075299,1295.0,1620.2,bull,0.2100796284365316,BUY
BUY,2026-08-07 13:41:00,107.49631703176026,2026-08-07 17:14:00,110.50040825548047,3.0040912237202093,1,0.0012791668329441563,1.0051466803911477,1953.0,1943.0,sideways,0.8457979634040527,BUY
BUY,2026-08-07 18:59:00,113.34301745564291,2026-08-07 19:04:00,111.08113672258817,-2.2618807330547384,0,0.01841143568886139,1.1654526534859522,5824.0,4997.2,sideways,-0.2939447797583199,BUY
BUY,2026-08-07 19:29:00,114.34214772724117,2026-08-07 22:30:00,114.67657531406667,0.3344275868254982,1,0.003954074483473846,0.7620936780138213,1191.0,1562.8,bull,0.5083576487912467,BUY
BUY,2026-08-07 14:22:00,104.59163645467586,2026-08-07 17:18:00,107.35790104876484,2.7662645940889803,1,0.04172491631936737,0.6872550344641168,1017.0,1479.8,bull,0.6299388827768553,BUY
BUY,2026-08-07 19:46:00,110.88292589336399,2026-08-07 22:13:00,111.08725612753257,0.2043302341685802,1,0.13691137438533474,0.7574574127798854,2036.5,2688.6,bull,0.19663040568308077,BUY
BUY,2026-08-07 14:23:00,103.2748624640976,2026-08-07 17:20:00,104.51142628627706,1.2365638221794626,1,0.048523631769469944,0.8135711975854263,1509.5,1855.4,bull,0.2278710879673156,BUY
BUY,2026-08-07 19:45:00,107.16255772666605,2026-08-07 22:46:00,110.20320102077187,3.04064329410582,1,0.11146054704195762,0.6805422429138711,994.0,1460.6,bull,0.051840404735003176,BUY
BUY,2026-08-07 15:13:00,104.89516342650685,2026-08-07 16:48:00,102.09548929896673,-2.799674127540129,0,0.05144960302604318,1.0472972972972974,1689.5,1613.2,bull,0.24607964593212728,BUY
BUY,2026-08-07 19:34:00,104.44442854070772,2026-08-07 22:20:00,103.42581148186132,-1.0186170588464023,0,0.0903925998146633,0.8359864690080588,1680.5,2010.2,bull,0.7477115640684531,BUY
BUY,2026-08-07 09:30:00,100.92149977957538,2026-08-07 11:39:00,99.29721898722075,-1.6242807923546394,0,0.0366814417933341,0.9925544100801833,1733.0,1746.0,bull,0.20428261501093914,BUY
BUY,2026-08-07 14:52:00,96.68076368349055,2026-08-07 17:05:00,96.80942579844309,0.1286621149525331,1,0.014326674141841522,0.975180081428124,1245.5,1277.2,bull,0.7955167734471758,BUY
BUY,2026-08-07 19:05:00,99.20369641763455,2026-08-07 21:53:00,100.13970782511029,0.9360114074757462,1,0.0641613243676602,0.8991000346140533,1558.5,1733.4,sideways,0.55855072478208,BUY
SELL,2026-08-07 12:17:00,102.84412647978833,2026-08-07 15:22:00,102.3371929593975,0.506933520390831,1,-0.14740703521327703,0.4614576421145764,834.5,1808.4,bear,0.12718692245952923,SELL
SELL,2026-08-07 16:17:00,97.82010939319083,2026-08-08 00:11:00,82.12313881095815,15.69697058223268,1,-0.06841689165383968,0.9749352788891504,1657.0,1699.6,bear,-0.517346715445143,SELL
BUY,2026-08-07 14:31:00,103.198046460238,2026-08-07 16:53:00,103.96499474994692,0.766948289708921,1,0.049466771001334564,0.5621073231022763,1091.5,1941.8,bull,0.07389268040867591,BUY
BUY,2026-08-07 20:14:00,103.08939994910091,2026-08-07 21:43:00,100.45601747258317,-2.6333824765177383,0,0.01642361990539598,0.45809659090909094,774.0,1689.6,bull,-0.13685510584241456,BUY
BUY,2026-08-07 15:25:00,106.17528531416112,2026-08-07 16:25:00,102.51581098357794,-3.65947433058318,0,0.005077332766944664,1.3869971491922712,1751.5,1262.8,bull,-0.46814223581061754,BUY
BUY,2026-08-07 19:33:00,100.84475079246326,2026-08-07 21:47:00,101.13653831745717,0.29178752499390725,1,0.03936219469721891,1.3652134066509558,2085.5,1527.6,bull,-0.14209053713489084,BUY
BUY,2026-08-07 15:03:00,102.68130032128144,2026-08-07 16:50:00,100.5930331378392,-2.088267183442241,0,0.07714836585758178,0.9260041291291292,1973.5,2131.2,bull,0.06388246094056171,BUY
BUY,2026-08-07 20:30:00,95.4907068604104,2026-08-07 21:59:00,93.61691041891623,-1.8737964414941644,0,0.05784363535282466,1.6606966043450404,5702.5,3433.8,bull,-0.16429948080396173,BUY
BUY,2026-08-07 15:26:00,98.1781028508125,2026-08-07 16:12:00,93.5008542746244,-4.6772485761880915,0,0.03628671283576068,1.4479218649746917,4062.0,2805.4,bull,-0.31412047378509556,BUY
BUY,2026-08-07 19:55:00,90.72920106444137,2026-08-07 21:37:00,89.191629566242,-1.5375714981993696,0,0.02669963873375991,0.6186534216335541,1121.0,1812.0,bull,0.4626372223541182,BUY
SELL,2026-08-07 12:16:00,104.11659356948284,2026-08-07 13:54:00,107.60307678569903,-3.486483216216186,0,-0.007954776865119584,0.5679062247372676,1264.5,2226.6,bear,-0.17640404967038137,SELL
SELL,2026-08-07 17:08:00,111.89707436191877,2026-08-07 20:55:00,108.36528133604477,3.531793025873995,1,-0.008327659009395916,1.1331377098403166,1660.5,1465.4,bear,-0.21544059802373283,SELL
SELL,2026-08-07 21:58:00,103.99642529613938,2026-08-07 23:25:00,107.91173230746769,-3.9153070113283093,0,-0.02976922691075856,1.0962249208025343,1661.0,1515.2,bear,-0.5256999173396935,SELL
SELL,2026-08-07 12:24:00,103.33504527050043,2026-08-07 15:13:00,105.14963299249705,-1.8145877219966167,0,-0.07398765794297901,0.9381488178956534,2801.5,2986.2,bear,0.46422010684240433,SELL
SELL,2026-08-07 16:55:00,101.79898931833634,2026-08-07 19:28:00,102.12827066198535,-0.32928134364901496,0,-0.07213238778193443,0.9121872677730989,1473.0,1614.8,bear,-0.3169826203869377,SELL
SELL,2026-08-07 22:23:00,105.33724587557359,2026-08-07 23:05:00,109.06670625258099,-3.729460377007399,0,-0.040300667414044256,1.0227715064227325,1576.5,1541.4,bear,-0.006584342973937396,SELL
SELL,2026-08-07 12:22:00,104.66332241293674,2026-08-07 14:52:00,107.54992424834909,-2.8866018354123497,0,-0.08354794642698948,0.7037774883150717,1837.0,2610.2,bear,-0.8143249296252861,SELL
SELL,2026-08-07 17:16:00,108.44608832082498,2026-08-07 20:54:00,104.15655583607254,4.289532484752442,1,-0.009772559744419596,1.1374223602484472,1611.5,1416.8,bear,0.5207975615299603,SELL
SELL,2026-08-07 21:16:00,101.55804486231268,2026-08-07 23:59:00,101.01291627500115,0.5451285873115381,1,-0.03378682794036081,1.2168195718654433,1989.5,1635.0,bear,-0.186739694985377,SELL
SELL,2026-08-07 12:17:00,103.49097270309704,2026-08-07 14:26:00,105.56820421101362,-2.0772315079165793,0,-0.05231463361772626,1.2553757356269806,2218.5,1767.2,bear,-0.1780133659928822,SELL
SELL,2026-08-07 16:57:00,105.27295992957515,2026-08-07 20:05:00,105.64803919222364,-0.3750792626484838,0,-0.1487125637411566,1.3968076720966893,2126.5,1522.4,bear,-0.3373069384116292,SELL
SELL,2026-08-07 22:11:00,104.4699081302688,2026-08-07 23:40:00,106.63152209084997,-2.161613960581164,0,-0.01492545214563279,1.7286082903279505,4153.5,2402.8,bear,-0.20011908950695556,SELL
BUY,2026-08-07 14:52:00,102.50213264901959,2026-08-07 16:46:00,99.05257055116073,-3.449562097858859,0,0.10066375075572864,0.8317893065113816,1257.0,1511.2,bull,-0.4801191620147449,BUY
BUY,2026-08-07 19:54:00,98.8516592664478,2026-08-07 22:05:00,97.9524966862133,-0.8991625802345027,0,0.06007245628360636,0.8662959686591685,1371.0,1582.6,bull,-0.601530233294298,BUY
BUY,2026-08-07 14:49:00,105.36524958061267,2026-08-07 17:59:00,107.14959769527324,1.784348114660574,1,0.004537910025476322,1.146421845574388,1704.5,1486.8,bull,0.2030666621804187,BUY
BUY,2026-08-07 19:46:00,109.64076758197362,2026-08-07 22:09:00,111.54112027862865,1.900352696655034,1,0.0712642350210615,0.48678136802349975,928.0,1906.4,bull,-0.44754163023263516,BUY
SELL,2026-08-07 09:20:00,99.65018037935485,2026-08-07 09:29:00,100.55401358510454,-0.9038332057496916,0,-0.0012712066106104203,0.9487989886219975,1501.0,1582.0,bull,-0.6977808224845177,SELL
SELL,2026-08-07 12:15:00,103.01375853644117,2026-08-07 14:50:00,104.1298551180134,-1.1160965815722221,0,-0.09282753046127823,1.075217327243259,1459.5,1357.4,bear,-0.0790648230101425,SELL
SELL,2026-08-07 16:47:00,101.71323248233358,2026-08-07 19:30:00,101.11672331991848,0.5965091624151029,1,-0.06545825424613838,1.0436553391879853,1640.0,1571.4,bear,0.10892676388952793,SELL
SELL,2026-08-07 22:01:00,102.66970334363215,2026-08-07 23:36:00,104.48325997627506,-1.8135566326429142,0,-0.009016174503429397,1.483502538071066,4091.5,2758.0,bear,-0.17143454170694383,SELL
BUY,2026-08-07 15:09:00,101.62377708334131,2026-08-07 17:10:00,98.89794623339522,-2.7258308499460924,0,0.1490667694250476,1.1748737373737375,1861.0,1584.0,bull,0.16852679151890015,BUY
BUY,2026-08-07 19:19:00,100.36375974753527,2026-08-07 21:48:00,99.79117421941964,-0.5725855281156242,0,0.038824226009850804,0.8909668313338038,1767.5,1983.8,bull,0.6418932991555266,BUY
BUY,2026-08-07 13:30:00,104.30663906499926,2026-08-07 16:37:00,101.97246349031062,-2.3341755746886435,0,0.049493442905117035,0.7905180506955705,1852.5,2343.4,sideways,-0.12114569496674221,BUY
BUY,2026-08-07 19:25:00,100.63194742938454,2026-08-07 22:02:00,101.94116425670575,1.3092168273212081,1,0.054397614433469244,0.6346481962950926,3124.5,4923.2,bull,0.1653977894797123,BUY
BUY,2026-08-07 14:57:00,101.80859639972205,2026-08-07 16:52:00,101.55264621753102,-0.25595018219102883,0,0.0005765106004673726,0.7531210986267166,1206.5,1602.0,bull,-0.058203271372704535,BUY
BUY,2026-08-07 19:26:00,101.34434640127748,2026-08-07 21:45:00,99.24023811084741,-2.1041082904300623,0,0.010928300624144072,1.0919001289415073,1863.0,1706.2,bull,0.547414864348724,BUY
BUY,2026-08-07 14:20:00,107.19392923642079,2026-08-07 17:19:00,109.24150369221405,2.047574455793267,1,0.09428358837033102,1.600252206809584,5076.0,3172.0,bull,0.6502060372692,BUY
BUY,2026-08-07 19:36:00,112.07896572020876,2026-08-07 22:38:00,114.05146489848094,1.9724991782721872,1,0.001980894347113349,1.3457709608435957,3650.0,2712.2,bull,0.20962326149323474,BUY
BUY,2026-08-07 09:23:00,100.77265102054585,2026-08-07 12:02:00,102.7340853401982,1.961434319652355,1,0.02141817919356015,1.099647848574887,1998.5,1817.4,bull,0.18041949500864973,BUY
BUY,2026-08-07 15:36:00,98.56730943272552,2026-08-07 16:57:00,94.75741702030366,-3.80989241242186,0,0.10929720967244805,1.3779277720087688,2388.5,1733.4,bull,0.5554730683959974,BUY
BUY,2026-08-07 19:59:00,96.11597390571087,2026-08-07 22:36:00,97.21914939418487,1.103175488473994,1,0.10418599551388752,1.0346229812942953,1781.0,1721.4,bull,0.6306420362835183,BUY
BUY,2026-08-07 09:40:00,102.13418916707727,2026-08-07 12:02:00,102.44401025952953,0.3098210924522675,1,0.04743436271010637,0.8293033096569442,1097.5,1323.4,bull,0.2067494172004558,BUY
BUY,2026-08-07 14:01:00,104.14295397410723,2026-08-07 17:16:00,106.1586301995329,2.015676225425665,1,0.05936528979135858,1.4156270165627016,2632.5,1859.6,sideways,0.26155843577174664,BUY
BUY,2026-08-07 20:30:00,106.53809324190033,2026-08-07 21:37:00,102.15852362696096,-4.379569614939371,0,0.008568783930940072,0.42915819783197834,1013.5,2361.6,bull,-0.10616648509925142,BUY
BUY,2026-08-07 09:29:00,101.37692182500973,2026-08-07 12:34:00,103.46951795939012,2.0925961343803863,1,0.05676488667623403,0.9067956179390619,1059.5,1168.4,bull,0.45898294127549377,BUY
BUY,2026-08-07 13:37:00,107.01323243834226,2026-08-07 17:18:00,108.84691787525858,1.8336854369163262,1,0.0408830481983955,0.7150782203483858,1289.0,1802.6,sideways,0.06481594673216762,BUY
BUY,2026-08-07 20:20:00,107.33184235195188,2026-08-07 21:23:00,104.48667687951549,-2.845165472436392,0,0.02399713864150499,0.7982497634815515,1350.0,1691.2,bull,-0.419778713226691,BUY
BUY,2026-08-07 14:42:00,101.01308173937987,2026-08-07 17:10:00,100.61444735787065,-0.3986343815092255,0,0.0005006501403101993,0.8503109586103367,793.0,932.6,bull,-0.7411064862223498,BUY
BUY,2026-08-07 20:02:00,98.69170646302574,2026-08-07 21:47:00,94.37876738779167,-4.31293907523407,0,0.08521668622974232,0.8150359765596025,2197.5,2696.2,bull,0.1912958963056468,BUY
BUY,2026-08-07 14:38:00,100.84049790849588,2026-08-07 16:59:00,101.2405270797689,0.40002917127301885,1,0.020515384826708782,1.3465601478938334,2039.5,1514.6,bull,0.16832842172350126,BUY
BUY,2026-08-07 18:43:00,104.49380057225811,2026-08-07 18:57:00,100.45427366601741,-4.039526906240695,0,0.012539237456820729,0.9803061712645511,1229.5,1254.2,sideways,-0.1373405994962269,BUY
BUY,2026-08-07 15:12:00,100.77266460588277,2026-08-07 17:06:00,98.99763317772297,-1.7750314281597923,0,0.0012181105891642119,1.4111829593001142,2968.0,2103.2,bull,-0.0509028582281843,BUY
BUY,2026-08-07 19:57:00,99.88486680370853,2026-08-07 21:48:00,98.9765068321854,-0.9083599715231401,0,0.0353988375428429,0.7583188477775019,3664.5,4832.4,bull,0.5287985351880167,BUY
SELL,2026-08-07 12:12:00,101.82466084528194,2026-08-07 14:53:00,102.98526012618728,-1.1605992809053447,0,-0.08811868280905344,0.7756832601268911,1271.5,1639.2,bear,-0.18629266371139863,SELL
SELL,2026-08-07 17:05:00,101.46312082204844,2026-08-07 19:10:00,103.28556432638844,-1.8224435043400007,0,-0.06894509885378852,0.7912457912457912,846.0,1069.2,bear,-0.21264025134385633,SELL
SELL,2026-08-07 21:55:00,102.69341529373277,2026-08-07 23:44:00,104.96981401648486,-2.2763987227520914,0,-0.029043581093233684,0.9894688644688645,1080.5,1092.0,bear,-0.6230591835830239,SELL
BUY,2026-08-07 14:49:00,100.23834018802987,2026-08-07 17:53:00,101.47880532436233,1.2404651363324604,1,0.11760579864657927,1.1445317531882004,1777.0,1552.6,bull,-0.10180108705510804,BUY
BUY,2026-08-07 18:40:00,105.29031649164965,2026-08-07 18:53:00,101.96641711872837,-3.323899372921275,0,0.04466854194993175,1.1905674846625767,1863.0,1564.8,sideways,-0.32655359734475553,BUY
BUY,2026-08-07 19:31:00,105.77364457681918,2026-08-07 21:44:00,103.46388426346361,-2.309760313355568,0,0.013653378003084526,0.6587136929460581,2095.5,3181.2,bull,0.675193720214466,BUY
BUY,2026-08-07 14:44:00,101.15128691819828,2026-08-07 17:15:00,101.49769069118096,0.34640377298268277,1,0.04574723851325757,1.8430121250797702,2888.0,1567.0,bull,0.027512099037309667,BUY
BUY,2026-08-07 19:36:00,104.967930252223,2026-08-07 21:42:00,103.5776839458942,-1.3902463063288053,0,0.005676338421977789,0.5941136208076659,1736.0,2922.0,bull,-0.5693837665484409,BUY
BUY,2026-08-07 13:10:00,108.35897083892434,2026-08-07 13:25:00,106.23311046797731,-2.1258603709470236,0,0.013482161306669127,1.0599723596159443,2914.5,2749.6,sideways,0.13476490638157657,BUY
BUY,2026-08-07 13:43:00,109.92633998480515,2026-08-07 17:22:00,112.32806844207028,2.401728457265122,1,0.07971123071531849,0.7853573756245926,2169.0,2761.8,sideways,0.5257487351243526,BUY
BUY,2026-08-07 18:57:00,115.31447165297055,2026-08-07 22:03:00,117.34142902177355,2.0269573688029965,1,0.05141376847883805,1.0230689176688252,1769.5,1729.6,sideways,0.1324880621950939,BUY
BUY,2026-08-08 00:03:00,119.94335802977284,2026-08-08 00:14:00,118.87815023548835,-1.0652077942844898,0,0.019668808644524916,0.5614135081219721,1576.0,2807.2,bull,-0.03861343121185712,BUY
BUY,2026-08-07 14:06:00,106.51630271056818,2026-08-07 16:46:00,108.94133834643667,2.4250356358684826,1,0.01704029034249288,0.9512997833694384,2283.5,2400.4,sideways,0.23752451087105442,BUY
BUY,2026-08-07 20:03:00,109.43780945837251,2026-08-07 22:20:00,108.1594228290048,-1.2783866293677164,0,0.0037975863085080164,1.262592788971368,1905.0,1508.8,bull,0.7955363853637465,BUY
SELL,2026-08-07 09:24:00,99.85322318971586,2026-08-07 09:25:00,100.11197706743737,-0.25875387772150304,0,-0.003726701895914175,0.3816859075073434,1117.5,2927.8,bull,-0.24435275197480166,SELL
SELL,2026-08-07 11:26:00,98.0764674091602,2026-08-07 15:29:00,90.92432196148553,7.15214544767467,1,-0.03927485860339175,0.2801258992805755,623.0,2224.0,bear,-0.1574011230982535,SELL
SELL,2026-08-07 17:06:00,87.22047258551483,2026-08-07 19:39:00,89.91711293978864,-2.6966403542738107,0,-0.03463850750775066,1.090351917754053,2206.0,2023.2,bear,-0.07683543244232283,SELL
SELL,2026-08-07 21:51:00,88.01435059940503,2026-08-07 23:48:00,89.98128537967335,-1.9669347802683177,0,-0.13165205843706929,1.354334438654666,2859.0,2111.0,bear,0.11899752195805036,SELL
SELL,2026-08-07 12:07:00,102.47854668420514,2026-08-07 14:39:00,105.30925814233332,-2.830711458128178,0,-0.0264673100029853,1.1253207184092366,1403.5,1247.2,bear,-0.14093600537229634,SELL
SELL,2026-08-07 17:12:00,107.21747330986025,2026-08-07 18:59:00,108.04524901283393,-0.8277757029736819,0,-0.0008902749955552736,0.7690980211688909,2005.5,2607.6,bear,0.20169396155316122,SELL
SELL,2026-08-07 22:23:00,112.97797640237098,2026-08-07 23:11:00,116.4600650296492,-3.482088627278216,0,-0.07623940542040941,0.709894401851584,1963.0,2765.2,bear,-0.07182338334797578,SELL
SELL,2026-08-07 11:49:00,101.83000421185974,2026-08-07 14:46:00,102.99381370049421,-1.1638094886344703,0,-0.036944981666763965,1.020917246429879,2230.5,2184.8,bear,0.2587284258160736,SELL
SELL,2026-08-07 17:48:00,103.48460408587252,2026-08-07 17:57:00,105.88702109509438,-2.402417009221864,0,-0.0001888967480425663,0.8021327014218009,1015.5,1266.0,sideways,-0.2873938411401298,SELL
SELL,2026-08-07 18:18:00,104.05193427783026,2026-08-07 18:36:00,106.22553642968785,-2.173602151857594,0,-0.03438958434918504,0.9396732531184457,1702.5,1811.8,sideways,0.39940221573246504,SELL
BUY,2026-08-07 09:23:00,100.03228591493152,2026-08-07 12:00:00,103.43278708216444,3.4005011672329175,1,0.0013067379405242718,1.2972470238095237,1743.5,1344.0,bull,-0.18554397030334258,BUY
BUY,2026-08-07 14:58:00,102.36487152860492,2026-08-07 17:12:00,99.92434674508071,-2.4405247835242108,0,0.07428638996745462,0.730272413352091,2284.0,3127.6,bull,0.20115030191188055,BUY
BUY,2026-08-07 19:17:00,102.86454439323606,2026-08-07 22:22:00,104.65371864712014,1.7891742538840845,1,0.02431808413528813,1.299732883452833,1849.0,1422.6,bull,0.05186833370554211,BUY
SELL,2026-08-07 09:47:00,98.74512328844672,2026-08-07 09:53:00,100.61055307638944,-1.8654297879427162,0,-0.004245363874929353,1.386958450391838,1876.0,1352.6,bull,0.25896266651552935,SELL
SELL,2026-08-07 12:02:00,100.4974317097782,2026-08-07 13:15:00,105.34684339608447,-4.849411686306269,0,-0.003509328728242167,0.5899623310436516,1597.5,2707.8,bear,-0.4409349003316265,SELL
SELL,2026-08-07 14:16:00,101.55462077687329,2026-08-07 14:25:00,103.03147191503511,-1.4768511381618197,0,-0.020412074829536664,1.3042891826274616,1934.0,1482.8,bull,0.3890847101373396,SELL
SELL,2026-08-07 17:38:00,104.3982813348662,2026-08-07 18:25:00,107.95676172016441,-3.5584803852982105,0,-0.0894374721965221,0.5401108755910647,662.5,1226.6,sideways,-0.2235127590094521,SELL
SELL,2026-08-07 22:21:00,110.95712849112005,2026-08-07 23:13:00,112.48467501509637,-1.5275465239763264,0,-0.01546757021510814,0.8504665506879646,1075.5,1264.6,bear,0.28991109786680624,SELL
BUY,2026-08-07 14:32:00,105.85322922782971,2026-08-07 17:14:00,107.91381029688651,2.060581069056795,1,0.058421988787685564,1.0436602870813398,2268.5,2173.6,bull,0.21061098717109417,BUY
BUY,2026-08-07 20:46:00,106.00522227823973,2026-08-07 21:19:00,103.5444221596376,-2.4608001186021227,0,0.045238340237332864,1.1127019089574155,1515.5,1362.0,bull,0.02362573551084779,BUY
BUY,2026-08-07 15:34:00,99.68055480837576,2026-08-07 16:45:00,95.58715272125878,-4.093402087116985,0,0.026161170635418785,0.7144921552436003,1730.5,2422.0,bull,0.5437763731786589,BUY
BUY,2026-08-07 19:59:00,94.3888259203045,2026-08-07 21:56:00,92.84220470859714,-1.546621211707361,0,0.01619812219338712,0.7116733840871772,953.5,1339.8,bull,0.4025655415849059,BUY
BUY,2026-08-07 14:55:00,91.22957693499869,2026-08-07 17:02:00,90.87937122306714,-0.3502057119315509,0,0.04946702836278405,0.5046948356807511,1462.0,2896.8,bull,-0.019893440340837287,BUY
BUY,2026-08-07 18:53:00,91.32252478876904,2026-08-07 22:11:00,92.6231688428418,1.3006440540727624,1,0.030681794456057787,0.5472433211105291,1671.5,3054.4,sideways,0.11091646483468764,BUY
BUY,2026-08-07 13:42:00,107.8877622752837,2026-08-07 17:18:00,113.53190839977778,5.644146124494071,1,0.07855463182103506,0.7473351099267155,2243.5,3002.0,sideways,0.24720284285002947,BUY
BUY,2026-08-07 20:30:00,113.42136022366502,2026-08-07 21:35:00,110.61020907519807,-2.811151148466948,0,0.039895297095768,0.36019373045534286,944.5,2622.2,bull,0.08753592410859312,BUY
BUY,2026-08-07 14:30:00,107.42262029296327,2026-08-07 17:13:00,107.54559418313623,0.12297389017295757,1,0.051083580060137024,1.2322291235334712,1785.5,1449.0,bull,0.4825361363428726,BUY
BUY,2026-08-07 17:45:00,111.73036384406181,2026-08-07 22:20:00,118.17019830475613,6.439834460694314,1,0.06582447990150797,1.195256660168941,1839.5,1539.0,sideways,-0.16284443441591634,BUY
SELL,2026-08-07 12:10:00,102.31332349560923,2026-08-07 14:39:00,105.51033051523778,-3.1970070196285576,0,-0.04692891003004718,0.9435131918270184,1902.5,2016.4,bear,-0.11572736664322747,SELL
SELL,2026-08-07 16:47:00,103.45504575325786,2026-08-07 19:00:00,104.27385302186256,-0.8188072686047008,0,-0.018297752235525877,0.8221590909090909,2170.5,2640.0,bear,0.1770161746993466,SELL
SELL,2026-08-07 22:01:00,104.53875760230905,2026-08-07 23:58:00,106.73191453786079,-2.193156935551741,0,-0.05833669949599596,0.9660287921348314,1100.5,1139.2,bear,-0.89428677847053,SELL
BUY,2026-08-07 13:11:00,106.50355511275043,2026-08-07 17:02:00,108.79997045835094,2.296415345600508,1,0.11797876182311029,0.8780473231357553,1469.5,1673.6,sideways,0.37620472887618917,BUY
BUY,2026-08-07 19:34:00,110.84525231302348,2026-08-07 22:30:00,115.78390908409045,4.938656771066974,1,0.0495953032103813,1.3274497869750457,2181.0,1643.0,bull,-0.08980937225872765,BUY
BUY,2026-08-07 09:19:00,100.3048805481119,2026-08-07 12:27:00,102.28150564232658,1.9766250942146826,1,0.0046165549001671025,0.972983778843957,1703.5,1750.8,bull,0.5679750216260544,BUY
SELL,2026-08-07 12:10:00,103.368229580832,2026-08-07 14:51:00,103.72174278831821,-0.3535132074862162,0,-0.057736281125912114,0.9306673169145737,2290.0,2460.6,bear,0.04254911955139562,SELL
SELL,2026-08-07 16:54:00,101.95407874907816,2026-08-07 20:17:00,100.70966443878649,1.244414310291674,1,-0.0810205278551166,1.447333392492679,3262.0,2253.8,bear,0.08581003071904547,SELL
SELL,2026-08-07 22:08:00,99.47245009794418,2026-08-07 23:08:00,103.36956374640236,-3.8971136484581876,0,-0.012394591066339444,0.6349264170187965,871.5,1372.6,bear,0.2334792977084561,SELL
SELL,2026-08-07 09:53:00,98.76078334252288,2026-08-07 10:03:00,101.85952260383061,-3.0987392613077276,0,-0.00625200283302263,1.642610695802185,2856.5,1739.0,bull,-0.6267733437422152,SELL
SELL,2026-08-07 11:57:00,99.3176368054611,2026-08-07 14:57:00,97.24111121360686,2.0765255918542493,1,-0.11443122107314707,0.7443199747554434,943.5,1267.6,bear,-0.5519627103103488,SELL
SELL,2026-08-07 17:01:00,98.43458575206147,2026-08-07 19:37:00,98.32172585652434,0.11285989553712739,1,-0.02418823883533605,1.2738912031364862,2079.5,1632.4,bear,-0.44510270153857334,SELL
SELL,2026-08-07 22:29:00,98.65327635206178,2026-08-07 22:52:00,102.76281110631056,-4.109534754248784,0,-0.03560981862042922,0.8728695305491877,1751.5,2006.6,bear,0.11480701951752792,SELL
BUY,2026-08-07 14:32:00,103.1075270319585,2026-08-07 16:31:00,101.85395212658938,-1.2535749053691205,0,0.0634340355531009,0.7335463258785943,1148.0,1565.0,bull,0.08818248800120898,BUY
BUY,2026-08-07 20:07:00,101.43826062248169,2026-08-07 22:10:00,100.72572686490469,-0.7125337575770061,0,0.044009444402561826,1.0382012160146838,1810.0,1743.4,bull,0.44623011592804573,BUY
SELL,2026-08-07 12:23:00,103.34807837917751,2026-08-07 14:20:00,105.99276199307195,-2.6446836138944434,0,-0.12081606729853434,0.8209698297321518,1649.0,2008.6,bear,-0.5772917261459298,SELL
SELL,2026-08-07 16:18:00,101.55094771911341,2026-08-07 20:08:00,98.56934836988228,2.981599349231132,1,-0.09363390682831607,1.6795452526867394,3782.0,2251.8,bear,-0.4194042623439316,SELL
SELL,2026-08-07 21:53:00,95.1701743989919,2026-08-07 23:38:00,98.66061774257601,-3.4904433435841042,0,-0.09828682087859875,1.6026173660157874,3086.0,1925.6,bear,0.06612605171170571,SELL
BUY,2026-08-07 14:31:00,103.40677213273884,2026-08-07 17:44:00,107.02207973479244,3.615307602053605,1,0.024748580826909006,0.97410907658988,1979.0,2031.6,bull,-0.38114366673723055,BUY
BUY,2026-08-07 17:51:00,108.8526015933901,2026-08-07 17:55:00,108.1106038813984,-0.7419977119917007,0,0.003393327033791138,0.5794143744454303,1306.0,2254.0,sideways,-0.2615966710299631,BUY
BUY,2026-08-07 17:59:00,108.90633941637586,2026-08-07 18:07:00,107.83114527778619,-1.0751941385896657,0,0.021016149509435422,1.1527237354085602,1777.5,1542.0,sideways,0.440908474900624,BUY
SELL,2026-08-07 12:13:00,101.95182924558904,2026-08-07 15:13:00,103.97685234599385,-2.025023100404809,0,-0.013483058332283804,0.9001627150162715,774.5,860.4,bear,-0.6368358302307513,SELL
SELL,2026-08-07 16:57:00,101.58476668806152,2026-08-07 20:05:00,99.33251107598264,2.2522556120788835,1,-0.07946397872544253,0.6972425436128307,1239.0,1777.0,bear,-0.28477707911190464,SELL
SELL,2026-08-07 21:43:00,93.42772073162817,2026-08-07 23:52:00,94.446555114155,-1.0188343825268333,0,-0.1119769539943718,1.0997256045275252,1282.5,1166.2,bear,-0.24904621694743412,SELL
SELL,2026-08-07 09:25:00,99.74777379650641,2026-08-07 09:34:00,100.88146734440414,-1.1336935478977352,0,-0.008354493928194984,0.8072879670407729,1136.5,1407.8,bull,-0.5411204896180948,SELL
SELL,2026-08-07 11:40:00,101.51298931186265,2026-08-07 15:30:00,97.05762011545691,4.455369196405741,1,-0.002738883773972134,1.1731095729397936,1796.5,1531.4,bear,0.3590022609229635,SELL
SELL,2026-08-07 17:35:00,96.68792854128381,2026-08-07 17:40:00,99.01428912163163,-2.3263605803478242,0,-0.014417867191937717,1.3198645052020324,2182.0,1653.2,sideways,0.030270758156845545,SELL
SELL,2026-08-07 21:54:00,103.07801155184967,2026-08-07 23:48:00,105.04009201664317,-1.9620804647935017,0,-0.059586041635441234,0.844720897254093,1310.5,1551.4,bear,-0.006469521142108192,SELL
BUY,2026-08-07 09:26:00,100.6574543801587,2026-08-07 11:54:00,100.97702494651574,0.3195705663570436,1,0.025912133014372785,0.6542041078305519,2038.5,3116.0,bull,0.17965987014864027,BUY
BUY,2026-08-07 15:10:00,97.71542926031216,2026-08-07 17:00:00,93.00488249122867,-4.710546769083493,0,0.17713883341075132,0.3221384509938314,658.0,2042.6,bull,0.32114285288292876,BUY
BUY,2026-08-07 19:58:00,92.85235216625003,2026-08-07 22:10:00,93.29772051865426,0.44536835240423045,1,0.08436942442007478,1.1405718973397398,1946.5,1706.6,bull,0.4768973983509994,BUY
SELL,2026-08-07 11:37:00,98.40155379222753,2026-08-07 15:12:00,96.97464210054635,1.426911691681184,1,-0.09581275530076994,0.9052401746724891,1036.5,1145.0,bear,0.14908207709011378,SELL
SELL,2026-08-07 17:07:00,94.4116898506185,2026-08-07 20:08:00,94.87764294658533,-0.46595309596682455,0,-0.0535747408361118,0.710599011340506,977.5,1375.6,bear,0.05798259593947819,SELL
SELL,2026-08-07 22:35:00,95.10434561506864,2026-08-07 23:10:00,98.98089601696469,-3.876550401896054,0,-0.053971765130356175,0.4764851485148515,2233.0,4686.4,bull,-0.08656764362746117,SELL
BUY,2026-08-07 14:35:00,102.36210029735635,2026-08-07 16:55:00,103.8329227833372,1.4708224859808467,1,0.017217064335056875,0.6071549486513937,1076.0,1772.2,bull,0.5041765093160819,BUY
BUY,2026-08-07 19:39:00,104.70633632641406,2026-08-07 22:10:00,105.5277292253062,0.8213928988921424,1,0.026973027741021838,1.1960081430341654,2702.5,2259.6,bull,0.11826974126297785,BUY
BUY,2026-08-07 13:09:00,110.60690819242485,2026-08-07 17:01:00,115.92763879246036,5.320730600035503,1,0.02038967929438229,0.8116588537728717,1073.5,1322.6,sideways,0.0122095068941519,BUY
BUY,2026-08-07 20:06:00,114.76793519953095,2026-08-07 22:18:00,114.54225756829902,-0.22567763123193174,0,0.014614654835739316,0.8808001189767996,1184.5,1344.8,bull,0.4173189058684841,BUY
BUY,2026-08-07 09:23:00,100.7249314939679,2026-08-07 12:19:00,102.88442938012615,2.159497886158249,1,0.028221699506701725,0.8842051802945657,1741.0,1969.0,bull,0.7308164563613389,BUY
BUY,2026-08-07 15:20:00,105.01790124731397,2026-08-07 16:38:00,102.07433575382518,-2.9435654934887907,0,0.05735078902576163,1.082291823520554,1437.5,1328.2,bull,-0.1906169558000954,BUY
BUY,2026-08-07 19:33:00,100.21681216859592,2026-08-07 21:39:00,98.40251019366173,-1.814301974934196,0,0.02067665421078857,0.615467896817925,1307.5,2124.4,bull,-0.004691864260479406,BUY
SELL,2026-08-07 09:23:00,99.5964616880776,2026-08-07 09:24:00,100.23168040924095,-0.6352187211633549,0,-0.0032126167766932667,0.6727148236905169,786.0,1168.4,bull,-0.3307116779019026,SELL
SELL,2026-08-07 11:49:00,100.64035699971416,2026-08-07 15:49:00,94.10382082681357,6.536536172900583,1,-0.04802284294666492,0.7650646277079921,840.5,1098.6,bear,-0.6185610709531915,SELL
SELL,2026-08-07 16:47:00,90.69406207495467,2026-08-07 19:48:00,93.37267773416154,-2.6786156592068693,0,-0.0485170316798218,0.9993688196928255,1900.0,1901.2,bear,-0.3177351224485818,SELL
SELL,2026-08-07 21:45:00,89.50583922312369,2026-08-07 23:53:00,91.30693385946712,-1.8010946363434357,0,-0.07742978069853734,0.5568915327173776,1760.0,3160.4,bear,-0.25331977672665573,SELL
BUY,2026-08-07 20:34:00,112.93780826887964,2026-08-07 21:55:00,107.30481319125835,-5.632995077621288,0,0.08280088483498105,0.5409247344007183,723.0,1336.6,bull,0.11450827520482676,BUY
SELL,2026-08-07 11:40:00,99.89004226011922,2026-08-07 13:55:00,102.6314427516345,-2.7414004915152788,0,-0.08069945061004091,0.6750276650682405,1098.0,1626.6,bear,0.09355274383031542,SELL
SELL,2026-08-07 18:21:00,108.62318000395864,2026-08-07 19:32:00,112.26189092747897,-3.6387109235203354,0,-0.06279584619291256,0.819853405787944,1297.5,1582.6,sideways,-1.0847623849210777,SELL
SELL,2026-08-07 21:49:00,111.45018497015313,2026-08-07 23:28:00,115.57910397973103,-4.128919009577899,0,-0.017097706972322158,0.820866963540217,2359.5,2874.4,bear,-0.48634777922912065,SELL
BUY,2026-08-07 14:03:00,102.79416755120799,2026-08-07 17:18:00,106.39075485785008,3.5965873066420926,1,0.06653612218038063,1.0299881235154393,1734.5,1684.0,sideways,0.2244523257965767,BUY
BUY,2026-08-07 19:41:00,108.23231521195054,2026-08-07 21:58:00,107.83864033543065,-0.3936748765198814,0,0.057352901194988704,1.9251907582306174,7216.0,3748.2,bull,-0.016353849995283554,BUY
BUY,2026-08-07 14:44:00,101.78762654816555,2026-08-07 17:38:00,104.59359912074088,2.805972572575328,1,0.04870231592282437,1.1763801322466554,1530.0,1300.6,bull,-0.05738918909294455,BUY
BUY,2026-08-07 20:27:00,103.23456837330329,2026-08-07 21:27:00,97.34852964256994,-5.886038730733347,0,0.05458452384254997,1.3456827924066135,1758.0,1306.4,bull,-0.15052261466671268,BUY
SELL,2026-08-07 11:17:00,97.32893941184726,2026-08-07 14:37:00,98.15341146442117,-0.8244720525739098,0,-0.12445392288226742,1.1567281492349613,2207.5,1908.4,bear,-0.3255569930379778,SELL
SELL,2026-08-07 15:03:00,95.15009264779086,2026-08-07 15:32:00,98.45108642438223,-3.300993776591369,0,-0.00042643150419507947,0.8774682381754172,1146.5,1306.6,bull,-0.8415723751884627,SELL
SELL,2026-08-07 16:10:00,94.57294614982386,2026-08-07 18:10:00,96.86174843566855,-2.2888022858446817,0,-0.054849935921851056,1.224174332679837,1623.5,1326.2,bear,-0.13847259617305951,SELL
SELL,2026-08-07 21:39:00,98.55298789197887,2026-08-07 22:59:00,102.5805451753729,-4.027557283394032,0,-0.05060329982387657,1.095452242209273,1729.5,1578.8,bear,-0.3110856857612987,SELL
BUY,2026-08-07 14:22:00,110.72159777137881,2026-08-07 17:41:00,112.66831963482585,1.9467218634470385,1,0.014420796433199712,1.0317227629881551,1759.5,1705.4,bull,-0.2964498377803153,BUY
BUY,2026-08-07 19:43:00,116.02984677294123,2026-08-07 22:23:00,117.18486960147806,1.1550228285368291,1,0.028391868787124963,1.50792283844299,3502.0,2322.4,bull,-0.2463337454701957,BUY
SELL,2026-08-07 11:52:00,101.19910153862577,2026-08-07 14:35:00,99.76255735952721,1.4365441790985614,1,-0.05923727867985917,0.928101152177166,1240.5,1336.6,bear,-0.0012887013948841286,SELL
SELL,2026-08-07 17:14:00,101.69310519057365,2026-08-07 19:07:00,103.76866561864264,-2.0755604280689965,0,-0.04257318571904989,0.8126436781609195,1060.5,1305.0,bear,-0.3556305877110333,SELL
SELL,2026-08-07 19:26:00,101.84718296273945,2026-08-07 19:29:00,102.62539685429293,-0.7782138915534773,0,-0.007786269629292519,1.0503038853917952,1935.5,1842.8,bull,0.21281887058520965,SELL
SELL,2026-08-07 21:46:00,101.91455844070084,2026-08-07 23:58:00,102.54638107794739,-0.6318226372465432,0,-0.11746548329190887,0.7146299667987576,1334.5,1867.4,bear,-0.8191634530726191,SELL
BUY,2026-08-07 14:25:00,108.49734892666321,2026-08-07 16:57:00,109.3872327456456,0.8898838189823977,1,0.0018138363456330353,1.7317191826959062,4627.5,2672.2,bull,-0.06098471968793717,BUY
BUY,2026-08-07 20:09:00,112.51750489321469,2026-08-07 21:20:00,110.08045362042985,-2.437051272784842,0,0.007644804904401781,0.6214285714285714,1044.0,1680.0,bull,0.6105895201147007,BUY
BUY,2026-08-07 14:03:00,108.34403736564965,2026-08-07 14:16:00,105.57638789692666,-2.7676494687229933,0,0.031642761060439284,1.4587982832618025,1699.5,1165.0,sideways,0.349340133966507,BUY
BUY,2026-08-07 14:52:00,106.97126931796025,2026-08-07 16:45:00,105.66933760523276,-1.3019317127274945,0,0.014529994188578144,0.8899841377747564,1571.0,1765.2,bull,0.0036149180547226933,BUY
BUY,2026-08-07 20:17:00,101.51442167745701,2026-08-07 21:47:00,98.09095406883151,-3.4234676086255007,0,0.08283030929359825,0.9582575068243857,1685.0,1758.4,bull,0.4519244397706643,BUY
SELL,2026-08-07 11:28:00,98.00095132342885,2026-08-07 13:54:00,99.12465917322824,-1.1237078497993878,0,-0.10525516049045791,0.8931116389548693,1128.0,1263.0,bear,-0.5358822397096219,SELL
SELL,2026-08-07 13:57:00,97.44318817997136,2026-08-07 14:25:00,99.47327467907755,-2.03008649910619,0,-0.013283436263947124,1.7577310238505486,3876.5,2205.4,sideways,-0.17993034449300183,SELL
SELL,2026-08-07 16:43:00,96.28198323588879,2026-08-07 20:03:00,95.1241008726621,1.1578823632266904,1,-0.01592672983845489,0.5268371757925071,585.0,1110.4,bear,-0.9801743582490872,SELL
SELL,2026-08-07 22:15:00,93.8368868137514,2026-08-07 23:21:00,96.79025250024648,-2.9533656864950757,0,-0.06675675130054515,0.6099736311462696,786.5,1289.4,bear,0.2952332612024122,SELL
BUY,2026-08-07 14:15:00,107.35029972802734,2026-08-07 19:01:00,118.61456952798852,11.264269799961184,1,0.019025964851095978,1.260891705329863,2228.5,1767.4,bull,0.6506036351269842,BUY
SELL,2026-08-07 12:19:00,102.69387561673707,2026-08-07 15:43:00,99.08487373221298,3.6090018845240905,1,-0.01973668360962222,0.501726784343822,784.5,1563.6,bear,0.13395233293239528,SELL
SELL,2026-08-07 16:39:00,96.75642253557845,2026-08-07 20:26:00,92.06586801433531,4.690554521243143,1,-0.021179184109584526,1.5857739199575933,4786.5,3018.4,bear,0.1579137172426499,SELL
SELL,2026-08-07 21:24:00,88.16010741838227,2026-08-07 23:37:00,90.19612614897758,-2.036018730595316,0,-0.06302098183078897,1.2855331290288492,2433.0,1892.6,bear,-0.011300796870273189,SELL
SELL,2026-08-07 12:10:00,103.12237612949079,2026-08-07 15:14:00,102.49977931748907,0.6225968120017171,1,-0.0013552772731628693,1.585169880624426,5524.0,3484.8,bear,-0.6005528534713704,SELL
SELL,2026-08-07 16:49:00,100.15200816589416,2026-08-07 19:42:00,101.60724122978294,-1.4552330638887838,0,-0.011060199350907851,0.7289196310935442,1106.5,1518.0,bear,-0.06544062202858925,SELL
SELL,2026-08-07 21:34:00,98.37766957639964,2026-08-07 23:20:00,101.0715479910047,-2.6938784146050665,0,-0.004602601370933712,0.5166134504091,1035.5,2004.4,bear,0.18704396693917147,SELL
BUY,2026-08-07 14:59:00,105.03970293785548,2026-08-07 16:51:00,103.03091334014381,-2.0087895977116688,0,0.015862747199079763,1.0064806242560507,1522.0,1512.2,bull,0.39984211855578167,BUY
BUY,2026-08-07 18:29:00,104.48752323232628,2026-08-07 22:24:00,109.11801972172329,4.630496489397004,1,0.03063429691037811,0.8321287279367011,2187.5,2628.8,sideways,0.3539424834243192,BUY
BUY,2026-08-07 15:07:00,104.12205422671855,2026-08-07 17:00:00,102.41430180242256,-1.7077524242959896,0,0.050495100564035056,0.43846153846153846,741.0,1690.0,bull,0.819279480899624,BUY
BUY,2026-08-07 19:55:00,103.58068204201618,2026-08-07 21:52:00,101.82267550718416,-1.7580065348320204,0,0.10522338156312117,0.8265174343521309,1536.0,1858.4,bull,0.2835169726268134,BUY
SELL,2026-08-07 11:56:00,102.04135093565873,2026-08-07 14:12:00,102.17657544261701,-0.1352245069582807,0,-0.06358221803114361,1.089380633233187,1885.5,1730.8,bear,-0.004598598493117834,SELL
SELL,2026-08-07 21:51:00,111.42769792511122,2026-08-08 00:10:00,113.65606968833622,-2.228371763224999,0,-0.13286785649759736,1.0419113329418672,1419.5,1362.4,bear,0.5979047239422925,SELL
SELL,2026-08-07 11:46:00,101.58938677479671,2026-08-07 15:10:00,96.70937846784723,4.8800083069494775,1,-0.049276564658427446,0.9530968129885748,1268.0,1330.4,bear,0.14489346876393938,SELL
SELL,2026-08-07 17:41:00,97.76270675103261,2026-08-07 18:57:00,99.87154896253023,-2.108842211497617,0,-0.02887231506382193,0.7887637813746188,1345.0,1705.2,sideways,0.1370485912062236,SELL
SELL,2026-08-07 19:15:00,97.80716659442697,2026-08-07 19:30:00,99.59342879505331,-1.7862622006263393,0,-0.026112721728566157,0.6301835486063903,927.0,1471.0,bull,0.01915824439376479,SELL
SELL,2026-08-07 21:42:00,99.40191323515971,2026-08-08 00:24:00,100.20875086179889,-0.8068376266391795,0,-0.0860588210550759,0.8526976495726496,1277.0,1497.6,bear,-0.6377893406354787,SELL
BUY,2026-08-07 14:36:00,104.84953035004203,2026-08-07 17:09:00,104.0847618688819,-0.7647684811601323,0,0.0014714734668785923,1.3528837488735357,1801.5,1331.6,bull,-0.35342275797879097,BUY
BUY,2026-08-07 18:10:00,109.22131418880865,2026-08-07 22:03:00,111.31828071766408,2.0969665288554324,1,0.06235696714091432,0.8706042010856738,1475.5,1694.8,sideways,0.617479186069815,BUY
BUY,2026-08-07 09:34:00,100.74980365422596,2026-08-07 12:09:00,101.51596537632042,0.7661617220944663,1,0.024761149191192544,1.25890147093159,4313.5,3426.4,bull,0.3411850124939946,BUY
BUY,2026-08-07 14:08:00,102.69639453258858,2026-08-07 17:20:00,104.97607288490825,2.2796783523196638,1,0.009783840468671201,1.1677059905949703,2284.5,1956.4,sideways,0.4294805582256487,BUY
BUY,2026-08-07 19:52:00,106.26016280610678,2026-08-07 22:32:00,105.52777208728969,-0.7323907188170864,0,0.05038260245882498,0.9192855224281493,1369.0,1489.2,bull,0.797250886680132,BUY
SELL,2026-08-07 12:38:00,106.47002638603762,2026-08-07 14:40:00,109.74369986624615,-3.2736734802085294,0,-0.013717705096581767,1.30060398302318,1593.5,1225.2,sideways,-0.37245710711405877,SELL
SELL,2026-08-07 17:32:00,113.49361077397519,2026-08-07 19:28:00,116.00190038498712,-2.508289611011932,0,-0.0773997408294349,1.225710014947683,2132.0,1739.4,bear,-0.13467889875148842,SELL
SELL,2026-08-07 22:21:00,119.5463471088056,2026-08-07 23:25:00,126.47748799244353,-6.931140883637923,0,-5.782096417306093e-05,0.5864172427816186,1442.0,2459.0,bear,-0.32312007498056516,SELL
BUY,2026-08-07 09:22:00,100.61109404196247,2026-08-07 12:31:00,103.75548476790338,3.1443907259409087,1,0.01965773943010163,1.211957900076084,1911.5,1577.2,bull,0.584578609339772,BUY
BUY,2026-08-07 13:26:00,106.91826775612464,2026-08-07 13:33:00,104.28174156870196,-2.6365261874226746,0,0.004177826021376063,1.3598921125528503,3731.0,2743.6,sideways,0.18871956967801395,BUY
BUY,2026-08-07 15:12:00,106.47356138991233,2026-08-07 17:19:00,103.22540127526764,-3.2481601146446906,0,0.010026150811398793,1.2497400707007695,2404.0,1923.6,bull,0.47647931816470646,BUY
SELL,2026-08-07 12:04:00,101.96916764699529,2026-08-07 14:53:00,101.79229200963177,0.17687563736352274,1,-0.08793897088642666,1.129957595410327,1812.0,1603.6,bear,0.30809976617730683,SELL
SELL,2026-08-07 17:12:00,100.3010994913241,2026-08-07 18:20:00,105.07211059807113,-4.771011106747039,0,-0.004554532782108822,1.157675016056519,1802.5,1557.0,bear,-0.11105004135239938,SELL
SELL,2026-08-07 18:56:00,102.00898408918819,2026-08-07 19:01:00,103.4662175124154,-1.4572334232272084,0,-0.008835910760026877,1.0241583140580828,1594.0,1556.4,sideways,-0.04107390598294103,SELL
SELL,2026-08-07 21:45:00,103.87926231645069,2026-08-07 23:13:00,108.56154401915133,-4.682281702700635,0,-0.02810855307171778,0.697585647485447,1462.0,2095.8,bear,0.025703542020337977,SELL
SELL,2026-08-07 09:21:00,99.78168304315113,2026-08-07 09:38:00,100.99714161789703,-1.2154585747458952,0,-0.007195230164455779,0.8808,1651.5,1875.0,bull,-0.4370349528285118,SELL
SELL,2026-08-07 12:13:00,102.65500870142117,2026-08-07 14:08:00,104.50927737959506,-1.854268678173895,0,-0.03221625605422673,1.7110010908785767,4078.0,2383.4,bear,0.02828586693426871,SELL
SELL,2026-08-07 17:26:00,110.84788451634924,2026-08-07 17:51:00,113.53317702444966,-2.6852925081004173,0,-0.01807781447820389,0.7962075644815986,1562.0,1961.8,bear,0.01741506999731257,SELL
SELL,2026-08-07 18:17:00,112.25784844435883,2026-08-07 18:43:00,114.28487260664825,-2.027024162289422,0,-0.006732803447235369,1.0189601717147627,4272.5,4193.0,sideways,0.3846542028157529,SELL
SELL,2026-08-07 21:23:00,114.28429993733019,2026-08-08 00:06:00,113.40182599128161,0.8824739460485773,1,-0.025389678809091265,1.2744354566902596,1512.5,1186.8,bear,0.18449610638019465,SELL
BUY,2026-08-07 15:37:00,102.67949438367992,2026-08-07 16:35:00,98.34038640162531,-4.339107982054614,0,0.10285862182524852,0.7614246866087417,2296.0,3015.4,bull,-0.12354862870499517,BUY
BUY,2026-08-07 20:19:00,89.08769746534377,2026-08-07 21:32:00,85.97871393590347,-3.1089835294402945,0,0.021251941645402894,1.252138945927447,1463.5,1168.8,bull,-0.010148044053764238,BUY
BUY,2026-08-07 10:12:00,101.67807381891865,2026-08-07 11:55:00,99.01445206454683,-2.6636217543718175,0,0.0010824425715867392,1.170402587264414,2099.0,1793.4,bull,0.5340419072497582,BUY
BUY,2026-08-07 14:47:00,99.90742825774753,2026-08-07 16:51:00,97.56656776274325,-2.3408604950042786,0,0.025656366589217328,1.0572655690765926,1477.0,1397.0,bull,0.5469128043361593,BUY
BUY,2026-08-07 19:43:00,99.17058714168515,2026-08-07 22:14:00,99.31438738554206,0.1438002438569157,1,0.11910310354670628,1.0066666666666666,1812.0,1800.0,bull,0.5635298805291455,BUY
BUY,2026-08-07 20:30:00,108.37846957514896,2026-08-07 21:43:00,105.38022230470216,-2.9982472704467966,0,0.01965397105151112,1.1475785340314135,1753.5,1528.0,bull,0.0941651571690727,BUY
SELL,2026-08-07 11:51:00,99.30743466871665,2026-08-07 14:50:00,100.6236613662363,-1.316226697519653,0,-0.01016223389568438,0.7335984095427436,1476.0,2012.0,bear,-0.2918947019668394,SELL
SELL,2026-08-07 17:17:00,98.23212061421582,2026-08-08 00:04:00,90.59912637862578,7.632994235590033,1,-0.05721908986582491,1.0393415178571428,1862.5,1792.0,bear,0.04040996822151044,SELL
SELL,2026-08-07 12:07:00,105.51057606966276,2026-08-07 14:53:00,104.48562892621683,1.024947143445928,1,-0.017969986199119603,1.0316265060240963,1712.5,1660.0,bear,0.16157305013042844,SELL
SELL,2026-08-07 17:26:00,105.16904195966625,2026-08-07 20:14:00,103.64739067483553,1.5216512848307104,1,-0.027652599998560845,0.8259911894273128,1237.5,1498.2,bear,-0.25112236708285707,SELL
SELL,2026-08-07 21:28:00,101.30496589455251,2026-08-07 23:32:00,101.05521227493007,0.2497536196224388,1,-0.002863238918862976,1.2865044247787611,1744.5,1356.0,bear,-0.060241560719404674,SELL
SELL,2026-08-07 12:06:00,101.8893326255635,2026-08-07 13:39:00,104.82899912063903,-2.939666495075528,0,-0.01756549009340347,1.3298044025563232,4120.0,3098.2,bear,0.5785234580620511,SELL
SELL,2026-08-07 17:03:00,107.265759092638,2026-08-07 19:24:00,107.68320941845563,-0.41745032581762587,0,-0.0870340026413885,0.9341238471673254,1418.0,1518.0,bear,0.02820542093805045,SELL
SELL,2026-08-07 21:56:00,109.65441638008402,2026-08-07 23:55:00,111.8734061694502,-2.2189897893661907,0,-0.1489779737048309,0.8001768346595933,1991.0,2488.2,bear,-0.4488059002079723,SELL
BUY,2026-08-07 14:50:00,109.59723699432077,2026-08-07 17:09:00,108.7018118278606,-0.8954251664601713,0,0.01685896338233306,1.6155740079173506,3346.5,2071.4,bull,-0.3849436840552869,BUY
BUY,2026-08-07 20:13:00,108.06251716581377,2026-08-07 22:10:00,107.08395133214776,-0.9785658336660106,0,0.08238008081448811,1.2009614709804195,3422.5,2849.8,bull,0.10092785929811043,BUY
BUY,2026-08-07 14:31:00,111.37498973430307,2026-08-07 16:43:00,107.18922758856371,-4.185762145739361,0,0.08308322860602857,0.5258364813815434,779.5,1482.4,bull,1.0397062483796873,BUY
BUY,2026-08-07 20:06:00,105.66865787738514,2026-08-07 22:05:00,104.6220379831821,-1.0466198942030474,0,0.08241847168946492,0.9606205250596659,1529.5,1592.2,bull,0.1385785994328188,BUY
BUY,2026-08-07 14:41:00,104.24246329770929,2026-08-07 17:33:00,108.55988306019206,4.317419762482771,1,0.020123787399171533,1.2621957757049427,2354.5,1865.4,bull,0.301232067349801,BUY
BUY,2026-08-07 19:31:00,109.92554184260891,2026-08-07 21:43:00,108.57926635941129,-1.3462754831976156,0,0.02537633466106115,0.8317101675107129,1708.0,2053.6,bull,0.038772380514046745,BUY
SELL,2026-08-07 12:01:00,101.29550925874169,2026-08-07 14:41:00,100.72872762336065,0.5667816353810338,1,-0.03667840238466624,0.9314975352711202,1096.0,1176.6,bear,0.2696107853527252,SELL
SELL,2026-08-07 17:46:00,103.40679377158344,2026-08-07 19:55:00,106.24962077681785,-2.842827005234412,0,-0.031048373262052564,0.7039040451552211,1496.5,2126.0,sideways,-0.42684635996238285,SELL
SELL,2026-08-07 22:26:00,106.16546431615141,2026-08-07 23:13:00,108.66355591354635,-2.4980915973949323,0,-0.054340863721378696,0.958143888740305,1433.0,1495.6,bear,-0.26749591146406715,SELL
SELL,2026-08-07 23:21:00,106.62497804304182,2026-08-07 23:43:00,107.98723131704153,-1.3622532739997126,0,-0.01518233942587699,0.8451768974901724,2236.0,2645.6,bull,0.07210853685265306,SELL
BUY,2026-08-07 12:52:00,109.40428876096024,2026-08-07 17:16:00,116.84112845812923,7.436839697168992,1,0.0701555467432371,0.7618455214192991,1408.5,1848.8,sideways,0.2449564058523208,BUY
BUY,2026-08-07 19:55:00,118.69104246337149,2026-08-07 22:16:00,117.82565117666303,-0.8653912867084586,0,0.08864123399028756,0.6805838424983028,1002.5,1473.0,bull,0.11743268580863742,BUY
BUY,2026-08-07 14:30:00,109.60474019527904,2026-08-07 17:31:00,110.88879444707779,1.28405425179875,1,0.09592112036696676,0.9744437763078774,1620.5,1663.0,bull,0.4388418775365608,BUY
BUY,2026-08-07 19:09:00,113.81085579274622,2026-08-07 21:57:00,114.36601825450782,0.5551624617615971,1,0.036191968127880614,0.9920466144947262,2332.5,2351.2,sideways,0.5923537929370326,BUY
SELL,2026-08-07 12:23:00,102.6457668351472,2026-08-07 14:35:00,104.80157011513226,-2.155803279985065,0,-0.025331439065666927,0.6319198205369418,1746.5,2763.8,bear,-0.2733002078004887,SELL
SELL,2026-08-07 16:54:00,104.44016246831208,2026-08-07 23:49:00,93.78923836718279,10.650924101129291,1,-0.04492415425190188,1.2179119166735013,2970.0,2438.6,bear,-0.16471822668603409,SELL
BUY,2026-08-07 09:30:00,100.43042430971225,2026-08-07 11:52:00,101.44670176662125,1.0162774569089947,1,0.007850461992049418,1.2613749330886288,3299.0,2615.4,bull,0.14952610773532626,BUY
BUY,2026-08-07 13:22:00,103.69259418965052,2026-08-07 13:51:00,98.55087254048489,-5.141721649165632,0,0.08122713761920863,1.2741008005412109,2260.0,1773.8,sideways,-0.04493621320935404,BUY
BUY,2026-08-07 15:00:00,102.60478298793295,2026-08-07 16:46:00,99.90490826955741,-2.69987471837554,0,0.04634102138521712,1.1513829063704375,2031.5,1764.4,bull,0.10116216685668178,BUY
BUY,2026-08-07 19:47:00,100.8495911713271,2026-08-07 21:35:00,99.48127414826163,-1.3683170230654724,0,0.014742192033281754,1.8451259976683707,4115.0,2230.2,bull,0.31690145487779375,BUY
SELL,2026-08-07 11:15:00,98.50540619523083,2026-08-07 14:54:00,92.01459224084724,6.490813954383597,1,-0.09220334614147419,1.1329407768089683,2001.0,1766.2,bear,-0.9949371859045328,SELL
SELL,2026-08-07 17:10:00,93.17545020914739,2026-08-07 19:44:00,95.79496412532596,-2.619513916178576,0,-0.02454261064799823,0.9463552863005668,1937.0,2046.8,bear,0.19628132874306914,SELL
SELL,2026-08-07 21:50:00,94.6196752417254,2026-08-07 23:47:00,96.29577359679068,-1.6760983550652782,0,-0.023083273452940034,1.129680748919827,1882.5,1666.4,bear,-0.36026343086338386,SELL
SELL,2026-08-07 12:16:00,103.56653615553823,2026-08-07 13:48:00,108.87345437478336,-5.306918219245134,0,-0.16534399721342652,1.089948664533889,2930.0,2688.2,bear,-0.06904475482588168,SELL
SELL,2026-08-07 17:46:00,111.0871788198868,2026-08-07 18:14:00,113.57090288500696,-2.483724065120157,0,-0.000524487192777201,0.7359748194778745,1590.0,2160.4,sideways,-0.19132368731052907,SELL
SELL,2026-08-07 18:26:00,110.50258684778537,2026-08-07 18:30:00,112.91468215601927,-2.4120953082339014,0,-0.02726300292687256,1.7130077369439072,4251.0,2481.6,sideways,0.15184147868951925,SELL
SELL,2026-08-07 21:37:00,113.22301523959166,2026-08-07 23:51:00,114.7291076510936,-1.506092411501939,0,-0.052019946100656966,1.3427215740901968,3084.5,2297.2,bear,-0.17513975258324876,SELL
SELL,2026-08-07 11:29:00,98.88643488853167,2026-08-07 15:02:00,95.88158216275139,3.0048527257802817,1,-0.07165062815785461,0.5175676987285257,1066.5,2060.6,bear,-0.45827166479261905,SELL
SELL,2026-08-07 16:43:00,94.60366812312759,2026-08-07 20:37:00,91.52843448225039,3.075233640877201,1,-0.08237295625831109,1.1196702671972711,1969.5,1759.0,bear,-0.5919648383774074,SELL
SELL,2026-08-07 22:18:00,89.74282376449797,2026-08-07 23:21:00,94.1730117030112,-4.430187938513228,0,-0.025965208832801068,1.2121906507791016,1587.0,1309.2,bear,-0.09947742322719932,SELL
BUY,2026-08-07 14:08:00,104.83972536412736,2026-08-07 17:12:00,107.65097664257385,2.811251278446491,1,0.025001295943553714,0.5080396852548751,1485.0,2923.0,sideways,-0.13726010573509484,BUY
BUY,2026-08-07 19:31:00,110.31628826906775,2026-08-07 22:00:00,111.29289762252817,0.9766093534604181,1,0.022619343076101472,0.6980981664958433,1226.0,1756.2,bull,0.3438082159168374,BUY
BUY,2026-08-07 13:40:00,106.08277438642776,2026-08-07 17:42:00,110.15050165824809,4.067727271820331,1,0.02149798361894284,1.0130418809698751,2206.0,2177.6,sideways,0.6413089656830238,BUY
BUY,2026-08-07 18:44:00,112.61702025796657,2026-08-07 22:40:00,119.16775017343024,6.550729915463663,1,0.007520760790342251,1.2555117196565329,2164.0,1723.6,sideways,-0.010751902861812823,BUY
BUY,2026-08-07 14:49:00,102.52615203322738,2026-08-07 18:13:00,104.00698002476591,1.4808279915385327,1,0.028382031479111447,1.1572753209700428,1622.5,1402.0,bull,0.28147112888920844,BUY
BUY,2026-08-07 19:06:00,106.93926094023342,2026-08-07 22:27:00,110.9580559284803,4.018794988246881,1,0.03650999430333002,1.1421639108554995,1906.5,1669.2,sideways,0.3660937869470473,BUY
SELL,2026-08-07 12:24:00,104.96579865584728,2026-08-07 14:50:00,104.71747775913036,0.24832089671691904,1,-0.0319639935277678,1.1125005898730593,4715.0,4238.2,bear,-0.09180940503010504,SELL
SELL,2026-08-07 16:32:00,101.10030466928248,2026-08-07 20:06:00,99.4781005581686,1.6222041111138736,1,-0.13186821607655475,0.9504430745521094,1973.5,2076.4,bear,-0.36289025546535925,SELL
SELL,2026-08-07 21:35:00,96.36814224925969,2026-08-07 23:36:00,98.81877416541958,-2.4506319161598924,0,-0.1051734208261621,1.2128575395723409,1747.0,1440.4,bear,0.16941285781147997,SELL
BUY,2026-08-07 14:32:00,108.72555236683,2026-08-07 17:00:00,108.11248707868177,-0.6130652881482348,0,0.00012545094645588506,1.0498498151571165,1817.5,1731.2,bull,0.14934714322743048,BUY
BUY,2026-08-07 20:33:00,106.73779308436478,2026-08-07 21:49:00,102.15215184331761,-4.5856412410471705,0,0.003108397897761961,1.359379122328731,3091.5,2274.2,bull,0.2987158358217954,BUY
BUY,2026-08-07 14:31:00,98.87467628967421,2026-08-07 16:58:00,97.99901113063271,-0.8756651590415032,0,0.025727411065929573,1.697801024765158,3181.0,1873.6,bull,-0.06524467483957608,BUY
BUY,2026-08-07 20:03:00,98.59674829847026,2026-08-07 22:04:00,96.25769051388214,-2.339057784588121,0,0.05826005118461808,1.143524619623817,1909.0,1669.4,bull,0.19384102485828691,BUY
BUY,2026-08-07 15:23:00,100.24748060592296,2026-08-07 16:54:00,97.22679205549991,-3.0206885504230456,0,0.05011447767418531,1.5590246125797629,3420.5,2194.0,bull,0.12204843239393881,BUY
BUY,2026-08-07 19:19:00,97.09514611409341,2026-08-07 22:11:00,100.35338266892396,3.258236554830546,1,0.052506915850074165,0.7332518337408312,1499.5,2045.0,bull,0.5096192261780601,BUY
SELL,2026-08-07 12:04:00,104.47125051663072,2026-08-07 14:43:00,104.28969871434347,0.18155180228724532,1,-0.050261708219167645,0.6696243469607761,1615.0,2411.8,bear,-0.016047922118886504,SELL
SELL,2026-08-07 16:51:00,99.61463209724579,2026-08-07 20:13:00,98.03481816719261,1.5798139300531773,1,-0.07068533565320934,0.4602766556494063,752.0,1633.8,bear,-0.2654592159458957,SELL
SELL,2026-08-07 22:11:00,97.47756711601797,2026-08-07 23:14:00,99.78732030699493,-2.309753190976963,0,-0.027670105944039847,0.7388747036294,1620.5,2193.2,bear,-0.12665648658415307,SELL
SELL,2026-08-07 09:23:00,99.69135931838763,2026-08-07 09:36:00,102.76198578059115,-3.0706264622035206,0,-0.010415319761520436,1.076995748700992,2280.0,2117.0,bull,-0.25092164345518597,SELL
SELL,2026-08-07 12:28:00,106.21771861127394,2026-08-07 13:54:00,109.46624673118801,-3.24852811991407,0,-0.0013777768733973517,0.5302303262955854,1436.5,2709.2,bear,-0.43076752023598885,SELL
SELL,2026-08-07 14:04:00,106.76719949954438,2026-08-07 14:12:00,107.89871574968281,-1.1315162501384322,0,-0.01860366520388368,0.9560249307479224,1380.5,1444.0,sideways,-0.4988008870501517,SELL
SELL,2026-08-07 14:14:00,107.22421528166079,2026-08-07 14:20:00,108.5847419929759,-1.3605267113151172,0,-0.01590606665288874,1.1684145163515938,1693.5,1449.4,sideways,-0.756435227774773,SELL
SELL,2026-08-07 18:20:00,114.63503761913671,2026-08-07 20:12:00,116.64589320687686,-2.010855587740153,0,-0.019448555172971282,0.67090395480226,1615.0,2407.2,sideways,-0.43472342853343093,SELL
SELL,2026-08-07 21:23:00,112.17203536860136,2026-08-08 00:01:00,110.59936170141505,1.572673667186308,1,-0.09179588928552107,1.1247021059287001,4625.0,4112.2,bear,-0.59089918826173,SELL
BUY,2026-08-07 14:57:00,109.76365350495183,2026-08-07 17:31:00,109.05761341295243,-0.7060400919993981,0,0.05244723090314096,1.0650015513496742,1373.0,1289.2,bull,0.4291338771532196,BUY
BUY,2026-08-07 20:43:00,110.55618970644133,2026-08-07 21:23:00,105.4668337043323,-5.089356002109028,0,0.007123636462893046,0.7849829351535836,1426.0,1816.6,bull,0.6480267231168284,BUY
SELL,2026-08-07 12:12:00,102.99473534502842,2026-08-07 13:23:00,104.116865229158,-1.1221298841295777,0,-0.02978704776724328,1.222704266088214,1691.0,1383.0,bear,-0.27918961449755386,SELL
SELL,2026-08-07 13:39:00,101.36036166050533,2026-08-07 15:15:00,103.82971124408698,-2.4693495835816464,0,-0.03697639747754522,0.5951010488616014,1861.0,3127.2,sideways,-0.48313895601698675,SELL
SELL,2026-08-07 17:19:00,103.16436230844046,2026-08-07 18:21:00,106.77730522955255,-3.6129429211120936,0,-0.027622721606007872,0.8244025622074403,1338.5,1623.6,bear,0.37942563138470575,SELL
SELL,2026-08-07 22:09:00,110.73807764863024,2026-08-07 23:53:00,113.39018118734039,-2.6521035387101506,0,-0.03556194523625322,1.1857374956481372,2043.5,1723.4,bear,-0.06774949230180027,SELL
SELL,2026-08-07 09:19:00,99.68021699622638,2026-08-07 09:31:00,100.86257954717993,-1.182362550953556,0,-0.00780640765340479,1.588844476744186,2623.5,1651.2,bull,-0.5446735875096778,SELL
SELL,2026-08-07 09:42:00,98.97242144927242,2026-08-07 10:08:00,101.359423750606,-2.387002301333581,0,-0.0044329666302473925,1.2172241147930216,4716.5,3874.8,bull,-0.2177751806232351,SELL
SELL,2026-08-07 11:25:00,99.04210553202748,2026-08-07 14:43:00,98.66673339949092,0.37537213253655466,1,-0.007785719757848142,0.9059195464951488,1662.0,1834.6,bear,0.09779450226456277,SELL
SELL,2026-08-07 16:53:00,96.70465573305992,2026-08-07 20:07:00,96.67337490968826,0.031280823371659494,1,-0.012669840872007399,1.127846512461897,1258.0,1115.4,bear,-0.09414819637443372,SELL
SELL,2026-08-07 21:55:00,92.25356204798473,2026-08-07 23:40:00,95.93467355200507,-3.681111504020336,0,-0.09331886154527069,0.5405569497288109,1335.5,2470.6,bear,-0.019096533763445223,SELL
BUY,2026-08-07 09:41:00,100.58026067745786,2026-08-07 12:09:00,100.41797635731331,-0.16228432014455052,0,0.0032608366915667375,1.400906858114491,2966.0,2117.2,bull,0.010512899028455536,BUY
BUY,2026-08-07 13:19:00,104.28461988201585,2026-08-07 13:50:00,101.54349139167657,-2.7411284903392783,0,0.011764175255279952,1.735658136812176,4151.0,2391.6,sideways,0.1291083157464641,BUY
BUY,2026-08-07 14:41:00,105.74330021186178,2026-08-07 17:15:00,108.15019372909975,2.4068935172379753,1,0.10604848996952398,1.643483984203598,3745.5,2279.0,bull,-0.13850209668781588,BUY
BUY,2026-08-07 20:03:00,108.23352370890701,2026-08-07 21:36:00,103.51133623404304,-4.722187474863972,0,0.0894116977374182,0.4713220164609053,1466.0,3110.4,bull,0.017619233225957487,BUY
SELL,2026-08-07 12:36:00,105.3976088859632,2026-08-07 12:40:00,106.89829759314698,-1.5006887071837838,0,-0.0050975926744030176,1.1925657048336702,2595.5,2176.4,sideways,0.9933747228561174,SELL
SELL,2026-08-07 13:20:00,103.76607290601225,2026-08-07 15:14:00,107.80623103828496,-4.040158132272708,0,-0.09975845080255397,0.5443908885951956,1400.5,2572.6,sideways,0.1463733731431205,SELL
SELL,2026-08-07 17:03:00,103.94325994472952,2026-08-07 20:15:00,104.88611825003974,-0.9428583053102244,0,-0.06214019496272272,0.99338146811071,1651.0,1662.0,bear,-0.23361383090380627,SELL
SELL,2026-08-07 21:48:00,102.32822055588322,2026-08-07 23:30:00,106.72285663716318,-4.394636081279955,0,-0.046704388172528866,1.2506879471656578,3636.0,2907.2,bear,-0.5265466385013013,SELL
SELL,2026-08-07 11:44:00,101.33564898945457,2026-08-07 15:01:00,103.89088149544146,-2.5552325059868934,0,-0.007968353926116833,1.0036582487609158,1701.0,1694.8,bear,0.0018286460875600596,SELL
SELL,2026-08-07 17:00:00,102.53334063942587,2026-08-07 18:17:00,104.73213096505926,-2.1987903256333823,0,-0.0026863502741605316,1.749749613038332,3843.5,2196.6,bear,-0.1507876295738555,SELL
SELL,2026-08-07 22:29:00,116.19184430998645,2026-08-07 22:50:00,119.52045160492304,-3.328607294936589,0,-0.017163159013094287,0.7454813721873847,2021.0,2711.0,bear,0.3617984645551928,SELL
BUY,2026-08-07 15:14:00,103.038769881955,2026-08-07 17:21:00,101.06677016569961,-1.9719997162553966,0,0.04869876777542004,0.9874260355029586,1735.5,1757.6,bull,-0.3204683033215616,BUY
BUY,2026-08-07 19:16:00,105.13178340675204,2026-08-07 21:51:00,103.66290264728661,-1.4688807594654207,0,0.08499914834098377,0.9111825516893595,1445.5,1586.4,bull,0.32885044727609625,BUY
SELL,2026-08-07 12:03:00,103.13985933293709,2026-08-07 13:56:00,105.04015745424033,-1.900298121303237,0,-0.04383179002320503,0.4387867409037939,1355.5,3089.2,bear,0.10883661583847015,SELL
SELL,2026-08-07 16:37:00,104.05481587828476,2026-08-07 19:41:00,104.93471164883326,-0.8798957705485009,0,-0.057477594718776004,0.6271832327723087,790.0,1259.6,bear,0.08723088628379116,SELL
SELL,2026-08-07 21:39:00,102.09853498825906,2026-08-07 22:57:00,105.89392124792637,-3.7953862596673105,0,-0.036902971350173175,0.9120321790835956,1564.5,1715.4,bear,0.18343752410901004,SELL
BUY,2026-08-07 15:05:00,103.98533013386186,2026-08-07 17:12:00,102.11101718246664,-1.8743129513952255,0,0.04866374949223484,1.6610026917900405,4936.5,2972.0,bull,0.6406486481604219,BUY
BUY,2026-08-07 20:16:00,101.62316495795844,2026-08-07 22:02:00,99.6187891033747,-2.004375854583742,0,0.06303926332226695,1.8531875290832946,7168.5,3868.2,bull,0.15928081749098055,BUY
SELL,2026-08-07 12:02:00,103.28683473926154,2026-08-07 13:18:00,106.0970534099724,-2.810218670710867,0,-0.06812505306341166,1.0539838337182448,1825.5,1732.0,bear,-0.24887284690265687,SELL
SELL,2026-08-07 17:24:00,113.42551747601513,2026-08-07 19:37:00,116.25880817379728,-2.8332906977821466,0,-0.07926480824868065,0.6335465372739303,1149.0,1813.6,bear,0.14388521530669607,SELL
SELL,2026-08-07 22:17:00,116.81277042982293,2026-08-07 23:15:00,121.070266845434,-4.257496415611072,0,-0.08590031778456364,0.991113529198404,1639.5,1654.2,bear,-0.5935414187252235,SELL
BUY,2026-08-07 14:19:00,106.68569334760429,2026-08-07 17:22:00,107.34614915485713,0.6604558072528448,1,0.01023065999382311,1.4743974397439745,2948.5,1999.8,bull,1.1505926108466298,BUY
BUY,2026-08-07 19:49:00,109.33305923058333,2026-08-07 21:53:00,107.53216858997858,-1.8008906406047487,0,0.030992027052406,0.7639521640091116,1341.5,1756.0,bull,-0.0058888545489423905,BUY
BUY,2026-08-07 14:41:00,100.91653109761072,2026-08-07 22:28:00,117.5088443232774,16.592313225666686,1,0.036878482897492404,0.8095070422535211,1149.5,1420.0,bull,0.3978585257004994,BUY
BUY,2026-08-07 15:04:00,102.2425772829205,2026-08-07 16:52:00,99.46620231764689,-2.776374965273604,0,0.07580692951366075,0.5865617433414043,969.0,1652.0,bull,-0.18739428883623077,BUY
SELL,2026-08-07 09:25:00,98.69827269124606,2026-08-07 09:38:00,100.56611581949619,-1.8678431282501293,0,-0.03568675165234936,1.164206863450924,1940.5,1666.8,bull,-0.797310138397421,SELL
SELL,2026-08-07 11:58:00,102.29572605660263,2026-08-07 14:11:00,102.03236846181625,0.26335759478638465,1,-0.03178985073836316,0.9442730428075589,4897.0,5186.0,bear,0.3073786877199751,SELL
SELL,2026-08-07 17:07:00,103.26259858310995,2026-08-07 20:15:00,104.32972843733491,-1.0671298542249588,0,-0.07921886208117712,0.6298358180788828,1335.0,2119.6,bear,-0.22871911456334715,SELL
SELL,2026-08-07 21:50:00,98.01086018811218,2026-08-07 23:23:00,101.66454466062532,-3.6536844725131488,0,-0.01047961366091954,1.143451830315845,1730.5,1513.4,bear,-0.3165494084653915,SELL
BUY,2026-08-07 14:50:00,107.6734612085125,2026-08-07 17:00:00,105.80871742433537,-1.8647437841771364,0,0.1282147276298673,1.1369326441608787,2815.5,2476.4,bull,-0.04368898453235204,BUY
BUY,2026-08-07 20:02:00,106.39076554230805,2026-08-07 22:27:00,106.4925540483415,0.10178850603345779,1,0.09689557499217472,0.883116134240572,1531.5,1734.2,bull,0.7402126799792796,BUY
SELL,2026-08-07 09:19:00,99.7120208806865,2026-08-07 09:41:00,101.35696194918488,-1.6449410684983832,0,-0.007640949911930761,1.2345334968230965,2215.0,1794.2,bull,-0.3847912424417359,SELL
SELL,2026-08-07 12:14:00,102.1284230876484,2026-08-07 14:52:00,101.8596826933984,0.2687403942500026,1,-0.029535802832782565,0.9893151390319258,2305.5,2330.4,bear,-0.017111022778635743,SELL
SELL,2026-08-07 16:17:00,99.36277073620626,2026-08-07 19:57:00,97.75064332491216,1.6121274112940966,1,-0.0017892194359063751,0.5112235629946801,788.0,1541.4,bear,0.18645549071702305,SELL
SELL,2026-08-07 22:33:00,96.83977987800827,2026-08-07 23:15:00,101.22969761413859,-4.3899177361303146,0,-0.11165858525980354,0.8931297709923665,1170.0,1310.0,bear,-0.3081449805528109,SELL
BUY,2026-08-07 09:24:00,100.24495968059522,2026-08-07 11:44:00,101.5485623864009,1.3036027058056874,1,0.006087332394045575,1.02555891942245,1761.5,1717.6,bull,-0.24973743688568106,BUY
BUY,2026-08-07 15:55:00,96.35751734406955,2026-08-07 16:33:00,93.71070471581604,-2.646812628253514,0,0.022624018824032532,0.7911025145067698,1636.0,2068.0,bear,0.06969252165805528,BUY
BUY,2026-08-07 18:42:00,95.48624651092241,2026-08-07 22:18:00,99.72276356416376,4.236517053241343,1,0.055535504843433614,0.7985799029300737,888.5,1112.6,sideways,0.6146761914340004,BUY
SELL,2026-08-07 11:50:00,100.51320290263062,2026-08-07 14:58:00,98.84100828653949,1.672194616091133,1,-0.14935807806199364,1.1848060344827587,2199.0,1856.0,bear,-0.32036669970403864,SELL
SELL,2026-08-07 18:09:00,99.99937818880362,2026-08-07 19:19:00,102.11578400003033,-2.116405811226713,0,-0.025317920499190905,1.2894736842105263,2425.5,1881.0,sideways,-0.5584062716195746,SELL
SELL,2026-08-07 21:39:00,100.62144462254732,2026-08-07 23:37:00,100.38661385560104,0.23483076694627414,1,-0.03073768115049802,0.9578739621614264,1407.5,1469.4,bear,0.2530724999914753,SELL
BUY,2026-08-07 15:12:00,100.60606771080707,2026-08-07 16:40:00,98.17916450553213,-2.4269032052749395,0,0.01318843866344821,0.7457392155263802,1829.0,2452.6,bull,-0.19584467453246646,BUY
BUY,2026-08-07 19:43:00,99.92117177975922,2026-08-07 21:28:00,97.01809666385343,-2.903075115905793,0,0.05616748482282219,0.529780163599182,1243.5,2347.2,bull,0.21497887133025984,BUY
SELL,2026-08-07 12:01:00,102.11674656727598,2026-08-07 15:28:00,100.29213587443523,1.82461069284075,1,-0.11787063432505818,1.0244890768146582,1163.0,1135.2,bear,-0.4088213470401598,SELL
SELL,2026-08-07 17:03:00,97.83704284123884,2026-08-07 20:47:00,95.56034422923157,2.276698612007266,1,-0.09941625534915488,1.5689594356261023,4448.0,2835.0,bear,0.48151429801831114,SELL
SELL,2026-08-07 21:40:00,92.56017549621635,2026-08-07 23:21:00,95.382177584057,-2.8220020878406586,0,-0.013667299785623754,0.7936308926780341,1266.0,1595.2,bear,-0.1295807586452895,SELL
BUY,2026-08-07 14:21:00,110.87858040493825,2026-08-07 22:01:00,120.91801711618992,10.039436711251668,1,0.027389289519220483,1.511516887456737,2533.0,1675.8,bull,0.40816522375355646,BUY
BUY,2026-08-07 12:46:00,111.50998971447603,2026-08-07 16:38:00,112.29505865866258,0.7850689441865484,1,0.004508106064633921,0.9851002251045128,1838.0,1865.8,sideways,0.44640290926194837,BUY
BUY,2026-08-07 20:28:00,105.7963773273221,2026-08-07 21:29:00,101.91220839825549,-3.884168929066618,0,0.018676515369421054,1.126363053239256,1756.0,1559.0,bull,-0.5338979713176144,BUY
SELL,2026-08-07 11:53:00,101.78485318762391,2026-08-07 14:06:00,102.74213098839962,-0.9572778007757137,0,-0.08856780987619572,1.3407392580731252,2009.5,1498.8,bear,-0.4915099461132115,SELL
SELL,2026-08-07 17:38:00,108.92072844381369,2026-08-07 18:36:00,113.08782038435929,-4.167091940545603,0,-0.0706349855757793,0.9284412032816773,1018.5,1097.0,sideways,-0.3123750884459895,SELL
SELL,2026-08-07 22:20:00,116.8168489358191,2026-08-07 23:22:00,119.88288058557283,-3.0660316497537394,0,-0.02409293945572699,0.8797021943573669,1796.0,2041.6,bear,0.0651720224109198,SELL
SELL,2026-08-07 10:00:00,99.45175206340468,2026-08-07 10:05:00,100.5023072113467,-1.0505551479420205,0,-0.010157115879863454,1.0086230006255028,2257.5,2238.2,bull,-0.7403935772461381,SELL
SELL,2026-08-07 11:34:00,99.360334228792,2026-08-07 15:30:00,93.14911751072256,6.211216718069437,1,-0.03749987260643195,1.5095023353196972,1874.5,1241.8,bear,-0.7505552861029798,SELL
SELL,2026-08-07 17:14:00,90.05445781902388,2026-08-07 19:24:00,91.68674413533651,-1.63228631631263,0,-0.0011749382455263913,1.3916525115263285,2294.0,1648.4,bear,0.043273128548932505,SELL
SELL,2026-08-07 22:17:00,94.71463960407496,2026-08-07 23:29:00,98.79395847844441,-4.079318874369449,0,-0.09909078262006688,1.144291754756871,1082.5,946.0,bear,-0.1429730854524962,SELL
SELL,2026-08-07 12:00:00,101.78871980856306,2026-08-07 15:12:00,101.82481402124502,-0.03609421268195945,0,-0.1468765547778048,0.7304514060187469,1184.5,1621.6,bear,-0.1824938463081196,SELL
SELL,2026-08-07 16:45:00,97.2060696645295,2026-08-07 20:11:00,95.56722099343759,1.6388486710919068,1,-0.03704972207538049,0.8600136239782016,1010.0,1174.4,bear,-0.08760315736817859,SELL
SELL,2026-08-07 21:42:00,91.33217631972462,2026-08-07 23:16:00,94.1349523209888,-2.802776001264178,0,-0.0003693571931933093,0.9312959199624824,1191.5,1279.4,bear,-0.01983863037732192,SELL
BUY,2026-08-07 09:35:00,101.68338853278047,2026-08-07 12:35:00,104.2921882865993,2.608799753818829,1,0.00803867055583396,0.9152182838374161,1337.5,1461.4,bull,0.46299891104341384,BUY
BUY,2026-08-07 14:06:00,108.05310749347439,2026-08-07 17:08:00,112.38891077464424,4.335803281169859,1,0.034092654658223864,1.2733411137045683,1527.5,1199.6,sideways,-0.03903451409568959,BUY
BUY,2026-08-07 19:18:00,115.66662546847813,2026-08-07 22:06:00,119.0978467846264,3.4312213161482674,1,0.017111687758514904,1.1804468107318091,2261.5,1915.8,bull,-0.14650295954420756,BUY
SELL,2026-08-07 12:01:00,99.90418339233109,2026-08-07 14:01:00,103.0583464345572,-3.154163042226102,0,-0.025303032235385103,1.079731358705011,1254.0,1161.4,bear,-0.22009046743329463,SELL
SELL,2026-08-07 16:41:00,103.87807365571017,2026-08-07 18:42:00,106.199867498305,-2.321793842594829,0,-0.08260689362076334,0.8810010214504597,862.5,979.0,bear,-0.017950969974947384,SELL
SELL,2026-08-07 21:55:00,109.38843589160766,2026-08-07 23:19:00,113.36045435230783,-3.97201846070017,0,-0.031134324936672897,1.1285562953995159,1491.5,1321.6,bear,0.2917411202608946,SELL
SELL,2026-08-07 12:35:00,102.96882905114006,2026-08-07 13:08:00,108.17086141728508,-5.202032366145019,0,-0.026332989553580433,1.0887140828143778,1993.0,1830.6,sideways,-0.5988318935007015,SELL
SELL,2026-08-07 13:25:00,104.70009061341588,2026-08-07 14:58:00,107.88773371475948,-3.187643101343596,0,-0.05683887932238463,1.0057903444126937,1337.5,1329.8,sideways,-0.5444684444074284,SELL
SELL,2026-08-07 16:48:00,104.79301196970818,2026-08-07 19:41:00,106.63858395986672,-1.8455719901585468,0,-0.1348205747251825,0.8004217791411042,835.0,1043.2,bear,0.0595777799257462,SELL
SELL,2026-08-07 22:27:00,105.2700281387915,2026-08-07 23:17:00,110.1652781659359,-4.8952500271443995,0,-0.08308777877560658,1.056527590847914,3925.0,3715.0,bear,-0.749301454786135,SELL
SELL,2026-08-07 11:48:00,100.91225269356113,2026-08-07 13:55:00,102.9446074318562,-2.0323547382950693,0,-0.06677969524933758,0.483611216369837,1531.5,3166.8,bear,-0.2224507166439338,SELL
SELL,2026-08-07 17:23:00,109.51440885517913,2026-08-07 18:22:00,113.2800116374216,-3.7656027822424676,0,-0.06610011462052512,1.4982083281848513,2425.0,1618.6,bear,0.11387071852063002,SELL
SELL,2026-08-07 22:07:00,116.08544170099321,2026-08-07 23:39:00,120.16826641052172,-4.082824709528509,0,-0.15759754431971373,0.5888201502430402,799.5,1357.8,bear,-0.5917673395928489,SELL
SELL,2026-08-07 12:59:00,104.69531148077766,2026-08-07 13:24:00,108.7952221133028,-4.0999106325251375,0,-0.03332685063664087,0.9908687068114511,1606.0,1620.8,sideways,0.1994506846469335,SELL
SELL,2026-08-07 18:03:00,114.36886881518015,2026-08-07 18:30:00,115.78255827817203,-1.4136894629918828,0,-0.035158841933224494,0.7009462151394422,844.5,1204.8,sideways,-0.686237257099819,SELL
SELL,2026-08-07 18:33:00,114.29607329043154,2026-08-07 18:39:00,116.69806505870135,-2.4019917682698093,0,-0.05162374610806353,0.46392583635630796,1151.0,2481.0,sideways,-1.1796203556193632,SELL
SELL,2026-08-07 19:09:00,114.33382634814141,2026-08-07 19:54:00,117.25216935679461,-2.9183430086531956,0,-0.053601106264125065,1.2346202800169708,2910.0,2357.0,sideways,0.6562547460611512,SELL
SELL,2026-08-07 21:55:00,114.81337302695547,2026-08-08 00:14:00,116.77538998460813,-1.9620169576526507,0,-0.018342134552383982,1.2841901066925314,2648.0,2062.0,bear,-0.021349868886531453,SELL
SELL,2026-08-07 12:26:00,101.85464323331315,2026-08-07 13:33:00,104.37646744246747,-2.5218242091543175,0,-0.0480626203856076,1.1048290541439403,1661.0,1503.4,bear,-0.9017740751623364,SELL
SELL,2026-08-07 13:42:00,102.72986769669379,2026-08-07 13:44:00,104.10911649988793,-1.3792488031941446,0,-0.006217638371111889,1.162835743801653,1801.0,1548.8,sideways,-0.4722734680156435,SELL
SELL,2026-08-07 17:12:00,108.14197742920042,2026-08-07 19:54:00,111.85756184091231,-3.7155844117118875,0,-0.09709865742117074,1.5631412049990672,3352.0,2144.4,bear,-0.009736416697293748,SELL
SELL,2026-08-07 22:12:00,111.41809424258769,2026-08-07 23:09:00,113.43701493343289,-2.0189206908452064,0,-0.009387819783626128,0.9606962995401795,1755.0,1826.8,bear,0.1285988396960107,SELL
BUY,2026-08-07 19:53:00,102.77829342231928,2026-08-07 22:30:00,102.25690498828249,-0.521388434036794,0,0.005921965751909397,1.2098184543637576,2905.5,2401.6,bull,-0.5512145425968384,BUY
SELL,2026-08-07 11:57:00,101.19241717430738,2026-08-07 14:25:00,104.1713252446608,-2.9789080703534268,0,-0.10684222633523177,1.0798299480396787,2286.0,2117.0,bear,-0.6011779460303899,SELL
SELL,2026-08-07 17:32:00,108.51774568539103,2026-08-07 18:59:00,110.39867221962652,-1.8809265342354848,0,-0.05002288789079046,1.4661410519494547,2715.0,1851.8,bear,0.0694596067829707,SELL
SELL,2026-08-07 22:34:00,117.46330198985223,2026-08-07 22:57:00,121.83447773152565,-4.371175741673426,0,-0.010732437038328158,0.6766416707547831,1931.0,2853.8,bear,-0.1594573102169221,SELL
BUY,2026-08-07 15:42:00,99.66568523029763,2026-08-07 16:31:00,95.53623399735018,-4.129451232947446,0,0.05269150113656451,1.2542912166122415,2996.0,2388.6,bull,0.41580580956186,BUY
BUY,2026-08-07 20:45:00,87.91412242699452,2026-08-07 21:47:00,83.81097571832797,-4.103146708666557,0,0.0374935572089754,0.9510684633183611,1397.5,1469.4,bull,0.08438886590278116,BUY
BUY,2026-08-07 14:51:00,100.95029330675436,2026-08-07 17:24:00,102.95346449202428,2.0031711852699203,1,0.017791172180594117,0.923907028223575,1669.5,1807.0,bull,-0.25712419677302023,BUY
BUY,2026-08-07 19:50:00,105.94696125202088,2026-08-07 21:41:00,103.76747504942358,-2.179486202597303,0,0.03509481855967067,0.9053148305484755,3836.0,4237.2,bull,0.258691025366403,BUY
BUY,2026-08-07 14:58:00,107.55059292675381,2026-08-07 16:51:00,104.88619601336796,-2.6643969133858434,0,0.08089565189287384,1.208932576857105,1832.5,1515.8,bull,0.08163725249123388,BUY
BUY,2026-08-07 19:56:00,105.59694205966234,2026-08-07 22:11:00,103.83247138622056,-1.764470673441778,0,0.003615151927206739,0.9179089238309169,1798.0,1958.8,bull,0.0014116174790359537,BUY
SELL,2026-08-07 12:18:00,103.21923658657995,2026-08-07 13:17:00,107.04029193801715,-3.821055351437195,0,-0.044882655001117655,1.475470648242604,3182.0,2156.6,bear,0.19086113665110815,SELL
SELL,2026-08-07 14:10:00,103.22700834210329,2026-08-07 14:31:00,105.96157143944156,-2.734563097338267,0,-0.01754198561131659,0.2771904600811908,655.5,2364.8,sideways,0.18344932442796846,SELL
SELL,2026-08-07 16:40:00,106.24130968464912,2026-08-07 20:11:00,102.47593802365508,3.765371660994049,1,-0.04454947280454746,1.1755123241099252,2489.5,2117.8,bear,-0.23938788153044754,SELL
SELL,2026-08-07 22:12:00,100.49777405633618,2026-08-07 23:26:00,105.07649066698497,-4.578716610648783,0,-0.039925822464581984,1.7095081967213115,5214.0,3050.0,bear,0.3705675470631036,SELL
SELL,2026-08-07 11:29:00,98.84094338610764,2026-08-07 15:10:00,95.98912108727558,2.8518222988320616,1,-0.06697045408299118,1.4155490360435876,2026.5,1431.6,bear,0.254523535751801,SELL
SELL,2026-08-07 17:18:00,93.12281185250684,2026-08-07 20:39:00,89.74126605004858,3.3815458024582625,1,-0.10692886183379358,0.8293153326904532,1376.0,1659.2,bear,-0.5348838100712499,SELL
SELL,2026-08-07 21:35:00,87.12304197703999,2026-08-07 23:30:00,88.51078770674923,-1.3877457297092377,0,-0.054856505882796114,0.9247357897743501,1295.0,1400.4,bear,-0.10066575582246173,SELL
BUY,2026-08-07 14:45:00,98.68148762782805,2026-08-07 17:01:00,97.43183964252138,-1.249647985306666,0,0.0378389895959117,0.6503378378378379,693.0,1065.6,bull,-0.0955043659642314,BUY
BUY,2026-08-07 18:04:00,99.7447406427154,2026-08-07 22:15:00,108.25025263514333,8.505511992427927,1,0.008785452020347861,0.838748055275922,1833.0,2185.4,sideways,-0.34690260311806753,BUY
SELL,2026-08-07 11:49:00,98.95271650894627,2026-08-07 15:06:00,96.86706692059961,2.085649588346655,1,-0.10188795959432184,0.8838497230953449,1181.0,1336.2,bear,-0.22923724020695602,SELL
SELL,2026-08-07 17:05:00,94.63008041167191,2026-08-07 20:15:00,93.41109495741259,1.2189854542593253,1,-0.020463688547224024,0.7322341202238988,1203.5,1643.6,bear,0.025550806882975508,SELL
SELL,2026-08-07 22:05:00,90.11838195688269,2026-08-07 23:13:00,95.81775077173404,-5.699368814851354,0,-0.1343069611655352,0.761262452613947,1727.0,2268.6,bear,0.03406904014103418,SELL
SELL,2026-08-07 11:33:00,98.56801060934603,2026-08-07 20:01:00,83.44434280114356,15.12366780820247,1,-0.09414779911395499,0.6387972595787871,1007.0,1576.4,bear,-0.37937564229041243,SELL
SELL,2026-08-07 22:13:00,80.83448014744575,2026-08-07 23:33:00,84.12602704449166,-3.2915468970459187,0,-0.0806051116278752,1.0561332393373282,1198.5,1134.8,bear,-0.13821644080812234,SELL
SELL,2026-08-07 11:51:00,101.31526179485384,2026-08-07 14:40:00,101.17734303221468,0.1379187626391598,1,-0.08509876831782037,0.8109196327911097,1007.0,1241.8,bear,-0.264034936553756,SELL
SELL,2026-08-07 17:08:00,101.79184611253231,2026-08-07 19:56:00,101.0251666754173,0.7666794371150161,1,-0.03679993415973115,1.3262285375962108,2240.0,1689.0,bear,-0.11169334177742485,SELL
SELL,2026-08-07 22:01:00,100.3099445225027,2026-08-07 23:49:00,103.16378544812754,-2.853840925624837,0,-0.02844680958112633,0.754463285276761,2020.0,2677.4,bear,-0.11474278772330138,SELL
BUY,2026-08-07 14:58:00,99.60519158920009,2026-08-07 16:36:00,94.92530854802129,-4.6798830411787975,0,0.09596820686599017,0.7861433917667914,1596.5,2030.8,bull,0.3336031328574478,BUY
BUY,2026-08-07 19:54:00,93.50850867310953,2026-08-07 21:54:00,91.07820497124582,-2.430303701863707,0,0.10502152860945557,1.697778573987818,4738.5,2791.0,bull,0.5486211315973577,BUY
BUY,2026-08-07 15:19:00,100.53785317699369,2026-08-07 16:55:00,97.18674955535474,-3.3511036216389556,0,0.0004354599946907456,0.6158477058249268,1514.0,2458.4,bull,0.3170882925832643,BUY
BUY,2026-08-07 19:28:00,98.24001404299781,2026-08-07 22:38:00,100.409109073567,2.1690950305691814,1,0.0267330224499176,0.9613422514454143,1696.0,1764.2,bull,-0.07643462680883317,BUY
SELL,2026-08-07 17:44:00,120.52246409536156,2026-08-07 19:34:00,124.5935716425526,-4.071107547191048,0,-0.019552334630887458,1.389488452406648,3862.5,2779.8,sideways,0.1336264485522065,SELL
SELL,2026-08-07 21:50:00,123.27543072681675,2026-08-07 23:39:00,126.02457072379126,-2.749139996974506,0,-0.07380470369936631,0.6185899734633866,1725.0,2788.6,bear,0.16222847496142379,SELL
BUY,2026-08-07 14:32:00,107.2522551104877,2026-08-07 22:04:00,116.93061404620387,9.678358935716176,1,0.006774738487152376,1.5340430903888234,3645.5,2376.4,bull,0.28045815880935265,BUY
BUY,2026-08-07 15:06:00,98.40924414693423,2026-08-07 17:09:00,96.25077152435806,-2.15847262257617,0,0.03997752336402982,0.6023316062176166,883.5,1466.8,bull,0.7812926010263368,BUY
BUY,2026-08-07 19:09:00,98.64088572683679,2026-08-07 22:07:00,102.12928063013999,3.4883949033032025,1,0.08378992478186831,0.9476127320954907,2858.0,3016.0,sideways,0.6178605018105827,BUY
SELL,2026-08-07 12:14:00,104.80921356550091,2026-08-07 15:12:00,103.70844035047082,1.1007732150300882,1,-0.10491592690280527,1.042188350571584,1914.5,1837.0,bear,0.4386227001343457,SELL
SELL,2026-08-07 16:56:00,101.92161101711235,2026-08-07 20:06:00,103.42237452274526,-1.5007635056329036,0,-0.04876144191057108,1.1229539398553483,1770.0,1576.2,bear,-0.3367181759158342,SELL
SELL,2026-08-07 21:23:00,99.50245557187971,2026-08-07 23:23:00,101.36240171214173,-1.859946140262025,0,-0.0034394908016111003,0.5876068376068375,1540.0,2620.8,bear,-0.22424279050521534,SELL
BUY,2026-08-07 09:19:00,100.3766371052111,2026-08-07 12:31:00,105.40754440864276,5.030907303431661,1,0.0016258169799527877,0.6459346530584286,1886.0,2919.8,bull,0.6215498335825203,BUY
BUY,2026-08-07 14:56:00,106.14273433474021,2026-08-07 16:39:00,104.64133914512897,-1.5013951896112445,0,0.0027269310933064617,1.1784963387225404,3251.0,2758.6,bull,-0.5452792195917482,BUY
BUY,2026-08-07 20:05:00,100.4319036196132,2026-08-07 21:42:00,99.36508016939699,-1.066823450216205,0,0.023897599824792337,0.9453751431844216,1320.5,1396.8,bull,-0.03766177136381543,BUY
BUY,2026-08-07 14:42:00,107.38187693175722,2026-08-07 16:40:00,104.07969096841212,-3.302185963345096,0,0.12331315170868606,1.9438320713121826,4056.0,2086.6,bull,0.5012621417547223,BUY
BUY,2026-08-07 20:03:00,101.69893623570954,2026-08-07 21:56:00,100.59650161743691,-1.1024346182726248,0,0.007955984888070589,0.6196319018404908,707.0,1141.0,bull,0.2954452019215097,BUY
BUY,2026-08-07 09:57:00,101.10485356402714,2026-08-07 11:49:00,99.8704873631409,-1.2343662008862424,0,0.00013540915986709479,1.699864670557388,4019.5,2364.6,bull,-0.3016377770453147,BUY
BUY,2026-08-07 14:58:00,98.48119738746752,2026-08-07 16:12:00,95.25211225492336,-3.2290851325441565,0,0.03405157082580956,0.7941624365482234,1564.5,1970.0,bull,-0.13402173649470228,BUY
BUY,2026-08-07 20:08:00,88.67375042197203,2026-08-07 22:09:00,86.23163703650093,-2.442113385471103,0,0.14791725595661376,1.0778401122019636,1537.0,1426.0,bull,0.3232154131825382,BUY
BUY,2026-08-07 13:32:00,112.66542000211139,2026-08-07 17:41:00,119.3023570676562,6.636937065544814,1,0.032232297836188195,0.9222290263319045,1506.0,1633.0,sideways,0.06686583051758532,BUY
BUY,2026-08-07 19:54:00,120.42825836134449,2026-08-07 21:31:00,117.9560166805335,-2.4722416808109955,0,0.07368861425432272,1.2545348156816851,2144.0,1709.0,bull,0.21763829410281232,BUY
SELL,2026-08-07 12:29:00,105.27676928049002,2026-08-07 13:10:00,108.3725072489552,-3.095737968465187,0,-0.07737290058027213,1.163291684618699,1620.0,1392.6,bear,0.2542151278201459,SELL
SELL,2026-08-07 13:21:00,106.45327287661995,2026-08-07 13:32:00,109.18224419312607,-2.7289713165061187,0,-0.02368452019992162,0.9443954104148279,1498.0,1586.2,sideways,-1.3922350749216292,SELL
SELL,2026-08-07 16:59:00,110.20386917755775,2026-08-07 20:08:00,110.9657750696177,-0.7619058920599571,0,-0.0355383624120833,1.3174547983310152,1894.5,1438.0,bear,-0.27209058357667004,SELL
SELL,2026-08-07 22:12:00,106.49535345048629,2026-08-07 23:41:00,113.05648713521902,-6.561133684732724,0,-0.07728884915096046,1.3356874753062031,2704.5,2024.8,bear,-0.5594560975103775,SELL
SELL,2026-08-07 12:30:00,104.29910441030482,2026-08-07 13:01:00,105.91549475822431,-1.6163903479194914,0,-0.018668306833902193,1.1546028787408098,2230.0,1931.4,bear,-0.18702234118734395,SELL
SELL,2026-08-07 17:35:00,112.87846897762209,2026-08-07 18:05:00,114.88908814743954,-2.0106191698174456,0,-0.02075393225301525,0.42436513962709865,1006.0,2370.6,sideways,0.19940219994913377,SELL
SELL,2026-08-07 18:33:00,111.67823270561557,2026-08-07 19:49:00,116.09051362080949,-4.412280915193918,0,-0.00011004938099290484,1.2282271534240037,2059.0,1676.4,sideways,-0.7615873106239661,SELL
SELL,2026-08-07 22:07:00,115.88530870683807,2026-08-07 23:32:00,117.45971538625716,-1.5744066794190843,0,-0.06951767429144695,0.6827577010268036,1024.0,1499.8,bear,0.08042072889389829,SELL
SELL,2026-08-07 11:56:00,101.00261384800342,2026-08-07 14:47:00,100.07083408744266,0.9317797605607581,1,-0.030080557053665302,0.6308774225202387,1543.0,2445.8,bear,0.06816351256465225,SELL
SELL,2026-08-07 17:23:00,98.59481105211445,2026-08-07 19:51:00,101.29550896988283,-2.7006979177683803,0,-0.1416578020796493,1.459930981595092,2284.5,1564.8,bear,-0.37720428507458337,SELL
SELL,2026-08-07 21:54:00,99.4663339251745,2026-08-08 00:01:00,100.00894844466072,-0.5426145194862215,0,-0.0206114348883375,0.434829116970637,1626.0,3739.4,bear,-0.23480635679254647,SELL
SELL,2026-08-07 12:25:00,102.08338434934282,2026-08-07 14:43:00,104.9835850888157,-2.9002007394728793,0,-0.048266510932919005,1.145157102051415,1764.0,1540.4,bear,0.2744659671617029,SELL
SELL,2026-08-07 16:55:00,103.88338381801208,2026-08-07 19:35:00,103.25944212967399,0.6239416883380926,1,-0.1011944081849947,0.8343273408877907,1958.5,2347.4,bear,-0.0829286284600812,SELL
SELL,2026-08-07 21:43:00,99.42123678241974,2026-08-08 00:23:00,99.02943334822821,0.3918034341915302,1,-0.10325113294433663,1.1041410098522166,1434.5,1299.2,bear,0.20092229704056308,SELL
SELL,2026-08-07 12:05:00,103.54037307100401,2026-08-07 15:03:00,105.17336024421509,-1.6329871732110774,0,-0.09732127233033339,0.6708832992102954,917.5,1367.6,bear,-0.07489072033571631,SELL
SELL,2026-08-07 16:46:00,103.60128157625938,2026-08-07 19:26:00,106.22068215599714,-2.619400579737757,0,-0.021400174558479534,0.7127218934911242,1204.5,1690.0,bear,0.37612644123518635,SELL
BUY,2026-08-07 15:19:00,100.8637004977635,2026-08-07 17:05:00,97.38060831683761,-3.483092180925894,0,0.07365134005564755,0.6515841064239455,744.5,1142.6,bull,0.5174840188605287,BUY
BUY,2026-08-07 20:21:00,99.04363275580096,2026-08-07 21:07:00,96.39642465886777,-2.647208096933184,0,0.018474677966338504,1.1795885083427424,1880.5,1594.2,bull,0.14519390311834002,BUY
SELL,2026-08-07 12:06:00,101.58409724066738,2026-08-07 13:43:00,106.508345725819,-4.924248485151622,0,-0.08005316912536387,1.2180246328754145,2057.0,1688.8,bear,0.06483228563516263,SELL
SELL,2026-08-07 17:21:00,112.0768729560941,2026-08-07 20:19:00,108.66296138337164,3.413911572722469,1,-0.006129541045581277,0.8262817322050771,996.0,1205.4,bear,-0.1679947643685864,SELL
SELL,2026-08-07 21:14:00,104.44707264855049,2026-08-07 23:15:00,108.56601512119411,-4.118942472643624,0,-0.0008591618772442189,0.8467577190217709,2901.5,3426.6,bear,-0.5425973148368683,SELL
BUY,2026-08-07 14:20:00,105.41458177650664,2026-08-07 16:53:00,105.84697325847283,0.43239148196619226,1,0.05196513668353475,1.2251148545176112,2080.0,1697.8,bull,0.9479277250044333,BUY
BUY,2026-08-07 20:52:00,98.43015650025184,2026-08-07 21:33:00,94.28699155247544,-4.143164947776398,0,0.10288037864665966,0.5406021897810219,1540.5,2849.6,bull,0.23097144613419118,BUY
SELL,2026-08-07 12:25:00,103.76274130000827,2026-08-07 13:27:00,108.70118030701232,-4.93843900700405,0,-0.023243550331855545,0.7451670306559897,1842.5,2472.6,bear,-0.4632627947608654,SELL
SELL,2026-08-07 17:28:00,111.90672923270306,2026-08-07 19:49:00,113.98161756472558,-2.0748883320225247,0,-0.027742221645439713,0.9767775229357798,1703.5,1744.0,bear,-0.10858517991994177,SELL
SELL,2026-08-07 21:50:00,112.14154028932096,2026-08-07 23:25:00,116.83762168899563,-4.696081399674668,0,-0.12296613713461113,0.9104468525508341,1495.5,1642.6,bear,-0.37213248745175065,SELL
SELL,2026-08-07 11:41:00,97.81299884802911,2026-08-07 15:15:00,95.02348753095687,2.7895113170722396,1,-0.1780846131414222,0.9001081210956271,1498.5,1664.8,bear,-0.5195267087838573,SELL
SELL,2026-08-07 16:42:00,93.35717426814239,2026-08-07 19:24:00,90.8920161652656,2.465158102876785,1,-0.023000538892560485,0.8638472167390445,1750.5,2026.4,bear,-0.25508922467278694,SELL
SELL,2026-08-07 21:55:00,93.04694746825155,2026-08-07 23:31:00,96.07494707547906,-3.027999607227514,0,-0.03657623602603621,1.2069314957438184,1786.5,1480.2,bear,-0.03265996072208566,SELL
SELL,2026-08-07 11:55:00,101.80978603561165,2026-08-07 14:33:00,102.92296245117777,-1.113176415566116,0,-0.0300548896365882,1.3340415844589468,1758.0,1317.8,bear,-0.6150877853308714,SELL
SELL,2026-08-07 17:35:00,105.18915470661592,2026-08-07 18:29:00,108.17671653269676,-2.987561826080835,0,-0.022526157290712945,0.7749333629498001,1395.5,1800.8,sideways,-0.3742377733502167,SELL
SELL,2026-08-07 22:33:00,113.69764864412693,2026-08-07 23:15:00,117.11626615190075,-3.418617507773817,0,-0.08688227609810895,0.8305305413909081,1531.0,1843.4,bear,-0.5997775778529189,SELL
BUY,2026-08-07 14:32:00,108.22203243767562,2026-08-07 17:07:00,108.33369761026233,0.11166517258671149,1,0.022250994106570943,1.0824454905847374,1747.5,1614.4,bull,-0.299915191961702,BUY
BUY,2026-08-07 20:31:00,107.4512328908931,2026-08-07 21:57:00,105.37950720516059,-2.0717256857325026,0,0.009630001508156738,0.9475453624389795,2057.5,2171.4,bull,0.2551202260769827,BUY
BUY,2026-08-07 19:15:00,119.29046351906396,2026-08-07 22:00:00,121.63559855938827,2.3451350403243083,1,0.02443338501259973,0.9622535211267605,1708.0,1775.0,bull,-0.07530801595363812,BUY
SELL,2026-08-07 11:57:00,102.69209515364614,2026-08-07 14:12:00,105.63569749487472,-2.9436023412285834,0,-0.03880407570544264,0.8807740324594258,1411.0,1602.0,bear,0.18290894705233995,SELL
SELL,2026-08-07 17:03:00,109.32615271682945,2026-08-07 19:58:00,111.27190319195627,-1.9457504751268146,0,-0.05356470941403302,0.8545779995660664,1575.5,1843.6,bear,0.18533982112981562,SELL
BUY,2026-08-07 13:15:00,113.00094898491673,2026-08-07 16:51:00,111.68728595471819,-1.3136630301985406,0,0.09914889992612075,0.8619066828022052,1282.0,1487.4,sideways,0.10533384975803983,BUY
BUY,2026-08-07 19:41:00,113.27006633083975,2026-08-07 22:32:00,113.07563204545146,-0.1944342853882972,0,0.031235679091466295,1.1739324980823318,1836.5,1564.4,bull,-0.30015338373988243,BUY
BUY,2026-08-07 13:32:00,107.00728520158303,2026-08-07 17:25:00,110.88665122772316,3.879366026140133,1,0.06504144938655543,0.8437892095357592,1210.5,1434.6,sideways,0.060097953577923136,BUY
BUY,2026-08-07 19:33:00,112.6832444137233,2026-08-07 22:22:00,113.32316559469236,0.6399211809690541,1,0.09264529373858466,0.3853736089030207,1212.0,3145.0,bull,-0.10228049341290557,BUY
BUY,2026-08-07 15:26:00,101.6334052919481,2026-08-07 16:42:00,97.17123338490701,-4.462171907041082,0,0.12461294517012789,0.6100558193784887,1464.5,2400.6,bull,0.114526812385634,BUY
BUY,2026-08-07 19:56:00,95.66028286663162,2026-08-07 21:59:00,95.01617477241994,-0.6441080942116741,0,0.07813140522037543,0.5889268918341172,1928.5,3274.6,bull,0.6872960847650802,BUY
SELL,2026-08-07 12:44:00,107.82793696909842,2026-08-07 13:06:00,109.47878855961083,-1.650851590512417,0,-0.04285469249673213,1.246185484940958,1878.5,1507.4,sideways,-0.0924273101082349,SELL
SELL,2026-08-07 13:11:00,107.25728361878332,2026-08-07 14:56:00,110.32563697668037,-3.0683533578970525,0,-0.07222014894036022,0.6956482484651499,1541.0,2215.2,sideways,-0.38427912184275215,SELL
SELL,2026-08-07 18:34:00,111.44483730212171,2026-08-07 20:47:00,112.61141265442063,-1.1665753522989206,0,-0.09976268590877169,1.581438575257197,3658.5,2313.4,sideways,0.10991881130576076,SELL
SELL,2026-08-07 21:20:00,109.81446305588297,2026-08-07 23:30:00,110.73066243888302,-0.9161993830000483,0,-0.046807735941101214,0.7542675664946407,1140.0,1511.4,bear,0.445106479705359,SELL
SELL,2026-08-07 12:30:00,102.5011187285563,2026-08-07 14:46:00,106.51066881213384,-4.009550083577537,0,-0.04573818865674184,1.1670810542018897,2347.0,2011.0,bear,0.17558078789789988,SELL
SELL,2026-08-07 18:16:00,110.25891854232714,2026-08-07 19:14:00,113.20812795576447,-2.9492094134373303,0,-0.006184449590591612,1.1378504672897196,2191.5,1926.0,sideways,0.05809861628439705,SELL
SELL,2026-08-07 22:31:00,116.41253065872432,2026-08-08 00:00:00,119.97170144397514,-3.5591707852508137,0,-0.08879859469919893,0.5750529559021761,2389.0,4154.4,bear,-0.9267320138762472,SELL
BUY,2026-08-07 14:06:00,104.28369912946388,2026-08-07 17:29:00,107.68214087559313,3.398441746129251,1,0.02130228630919362,1.4082792207792207,2776.0,1971.2,sideways,-0.18552351768555297,BUY
BUY,2026-08-07 18:41:00,111.93729546147264,2026-08-07 19:10:00,108.9086908555556,-3.028604605917039,0,0.0522979589090653,0.8683371958285053,1798.5,2071.2,sideways,0.35474603510675706,BUY
BUY,2026-08-07 19:32:00,111.45152900631888,2026-08-07 22:31:00,117.72896216200833,6.277433155689451,1,0.03444865256588514,1.345495694413778,2437.5,1811.6,bull,-0.3542699831920828,BUY
SELL,2026-08-07 12:30:00,102.1003992583623,2026-08-07 12:50:00,105.77532402564451,-3.6749247672822065,0,-0.01665787022361087,1.0736153632062342,2314.5,2155.8,bear,-0.3049080526348007,SELL
SELL,2026-08-07 17:25:00,106.97020597175131,2026-08-07 19:20:00,112.54284791351935,-5.57264194176804,0,-0.19729608715553582,1.2305447470817121,2150.5,1747.6,bear,0.05274910118173182,SELL
BUY,2026-08-07 14:31:00,102.7676062285654,2026-08-07 17:04:00,103.54880212892867,0.7811959003632722,1,0.05080728057028239,0.9763923905569561,1704.0,1745.2,bull,-0.16233398766971163,BUY
BUY,2026-08-07 20:17:00,101.27729816380612,2026-08-07 21:42:00,96.13433794022107,-5.14296022358505,0,0.12612660618178495,0.7656903765690377,1281.0,1673.0,bull,0.4145976467581818,BUY
SELL,2026-08-07 12:03:00,104.0029591059863,2026-08-07 15:07:00,102.23428746232888,1.7686716436574272,1,-0.030215179514982538,0.5831295843520783,1669.5,2863.0,bear,-0.11015219968966505,SELL
SELL,2026-08-07 17:02:00,99.62923650888264,2026-08-07 19:39:00,98.74600655982836,0.8832299490542823,1,-0.025292269845110127,1.0620043751709052,1553.5,1462.8,bear,0.30984861288189336,SELL
SELL,2026-08-07 22:12:00,100.89287399318464,2026-08-07 23:33:00,103.31936588943134,-2.426491896246702,0,-0.02829821852347436,0.6603822853561729,1264.5,1914.8,bear,-0.5015500875843912,SELL
SELL,2026-08-07 09:43:00,98.66194361366504,2026-08-07 10:03:00,101.76788435531388,-3.105940741648837,0,-0.03872048758842084,1.1715591492353665,1333.0,1137.8,bull,0.0550771920706552,SELL
SELL,2026-08-07 11:51:00,98.72883150567554,2026-08-07 15:08:00,98.27723671049941,0.45159479517613477,1,-0.05953858008130908,1.4642943015147873,2436.0,1663.6,bear,-0.3689848569610916,SELL
SELL,2026-08-07 17:14:00,96.38227125067696,2026-08-07 20:02:00,98.82814086368582,-2.4458696130088526,0,-0.06413767910552792,0.6488231618412831,1246.0,1920.4,bear,-0.4492067222897873,SELL
SELL,2026-08-07 22:12:00,97.5281729369405,2026-08-07 23:22:00,100.32099640907383,-2.792823472133321,0,-0.018666329150420324,0.6073748708105714,1645.5,2709.2,bear,-0.1313006538553907,SELL
BUY,2026-08-07 09:24:00,100.65326280678474,2026-08-07 12:20:00,103.46879029609939,2.815527489314647,1,0.010898054646460764,0.6923930511976735,1809.5,2613.4,bull,0.5057634861645397,BUY
BUY,2026-08-07 14:40:00,105.98273838955402,2026-08-07 21:59:00,113.0798985623841,7.097160172830087,1,0.09862043782042917,0.6866061817622636,893.0,1300.6,bull,0.16980521479025867,BUY
SELL,2026-08-07 09:32:00,98.95547341408796,2026-08-07 09:42:00,100.49774371205415,-1.5422702979661835,0,-0.027191194609144986,1.6417834653666463,3233.0,1969.2,bull,-0.35851235108034984,SELL
SELL,2026-08-07 09:43:00,99.93761880609883,2026-08-07 09:50:00,100.28073487374644,-0.34311606764761393,0,-0.0006463129057863171,0.7695463603329035,2626.0,3412.4,bull,-0.5601249059553197,SELL
SELL,2026-08-07 09:51:00,99.86149710449703,2026-08-07 09:59:00,100.5074178035134,-0.6459206990163722,0,-0.0017417413307043716,1.1830294530154277,1687.0,1426.0,bull,-0.41923776924940626,SELL
SELL,2026-08-07 12:03:00,101.58918011467252,2026-08-07 14:46:00,102.87594235777345,-1.286762243100938,0,-0.021710633188106954,1.171916711158569,1756.0,1498.4,bear,-0.09572353556706048,SELL
SELL,2026-08-07 16:56:00,100.896569345956,2026-08-07 20:07:00,101.02309312011488,-0.12652377415888338,0,-0.018818961364047482,0.5625363583478766,967.0,1719.0,bear,-0.5407500124823628,SELL
SELL,2026-08-07 21:48:00,98.30220516452101,2026-08-07 23:24:00,102.4505839206438,-4.148378756122781,0,-0.08089864216718468,1.0663039291217256,2214.5,2076.8,bear,-1.1555221667511546,SELL
BUY,2026-08-07 14:38:00,102.56487827806103,2026-08-07 17:03:00,103.58342559068136,1.0185473126203277,1,0.04709234377047267,1.3374979314909814,3233.0,2417.2,bull,-0.17353334593934733,BUY
BUY,2026-08-07 19:35:00,105.28694977718806,2026-08-07 22:34:00,104.98766911865064,-0.2992806585374126,0,0.01659738170529579,1.0673617780216766,4668.0,4373.4,bull,-0.02077749520877603,BUY
BUY,2026-08-07 09:19:00,100.20932475990384,2026-08-07 12:27:00,107.05043995489686,6.841115194993023,1,0.0066320076492303315,1.5061122139797305,2883.0,1914.2,bull,0.346696179840734,BUY
BUY,2026-08-07 14:17:00,109.11614099964768,2026-08-07 17:02:00,112.4552785708019,3.339137571154211,1,0.01940285872211689,1.3106993101582578,1938.0,1478.6,bull,0.3538773009866958,BUY
BUY,2026-08-07 19:14:00,114.48714460499588,2026-08-07 22:26:00,118.66959007075523,4.182445465759358,1,0.08546340303075795,1.29302925989673,2103.5,1626.8,sideways,0.8067868382631502,BUY
BUY,2026-08-07 09:42:00,101.16612451692937,2026-08-07 12:23:00,103.87295817573572,2.706833658806346,1,0.02538711357921386,0.6566994700984102,1214.5,1849.4,bull,-0.24789566824804865,BUY
BUY,2026-08-07 14:24:00,106.58233271021396,2026-08-07 17:01:00,106.10075378062405,-0.4815789295899151,0,0.056964111514744786,0.9926970108695652,1753.5,1766.4,bull,-0.06045608572024719,BUY
BUY,2026-08-07 19:50:00,108.97953342192778,2026-08-07 21:48:00,105.92293771656387,-3.056595705363918,0,0.01853391290329398,1.0228458773048823,1764.0,1724.6,bull,0.21203349010666273,BUY
SELL,2026-08-07 12:11:00,103.50476836588507,2026-08-07 14:33:00,105.82080653984572,-2.3160381739606493,0,-0.061485199146602554,0.7381108440754498,2027.0,2746.2,bear,-0.15103065501742208,SELL
SELL,2026-08-07 16:56:00,105.25603179787063,2026-08-07 18:03:00,108.83645646940067,-3.5804246715300394,0,-0.029179136568401987,1.0656468141987228,1435.0,1346.6,bear,0.4607155952589608,SELL
SELL,2026-08-07 18:54:00,106.76288452602512,2026-08-07 19:04:00,108.82751210428872,-2.0646275782635968,0,-0.00026618680416845564,1.4041811846689896,2418.0,1722.0,sideways,0.815528526363039,SELL
BUY,2026-08-07 15:57:00,97.6294845565164,2026-08-07 16:15:00,94.49373259118964,-3.1357519653267616,0,0.04968210586335431,0.544334622546913,760.0,1396.2,bear,0.9142039615413751,BUY
BUY,2026-08-07 18:49:00,94.9984973769559,2026-08-07 22:03:00,94.38986020427525,-0.6086371726806448,0,0.09436310249385826,0.6854799807042933,1421.0,2073.0,sideways,0.390992021892302,BUY
BUY,2026-08-07 13:10:00,107.92554518895764,2026-08-07 17:04:00,111.88920170993656,3.9636565209789154,1,0.015169159497716578,0.5897255002565418,919.5,1559.2,sideways,-0.3206088368364277,BUY
BUY,2026-08-07 19:51:00,112.99237405461867,2026-08-07 22:12:00,111.57676656250915,-1.4156074921095154,0,0.003148503000090841,1.448594674556213,1958.5,1352.0,bull,-0.08573642744018173,BUY
BUY,2026-08-07 15:56:00,93.29925821163901,2026-08-07 16:22:00,89.19715569424153,-4.102102517397483,0,0.015313474504921487,1.0186127671949978,1401.0,1375.4,bear,0.07593803949112043,BUY
BUY,2026-08-07 20:18:00,83.42313205723428,2026-08-07 22:09:00,81.24009295552352,-2.1830391017107615,0,0.032231860792236944,0.8386463952918096,1026.0,1223.4,bull,0.437146537954888,BUY
BUY,2026-08-07 15:26:00,97.81808242256311,2026-08-07 16:31:00,93.31964697858449,-4.498435443978622,0,0.06623697833980202,1.3937003203226954,2349.5,1685.8,bull,0.07138882993295681,BUY
BUY,2026-08-07 19:42:00,93.24978221254557,2026-08-07 22:13:00,91.89290475270899,-1.356877459836582,0,0.11053594544635814,1.1624839124839126,1806.5,1554.0,bull,0.22873731350105686,BUY
BUY,2026-08-07 13:46:00,107.5141895026735,2026-08-07 17:07:00,109.14625429868613,1.632064796012628,1,0.08434652679477495,1.175872850442939,2256.5,1919.0,sideways,-0.2766005920997259,BUY
BUY,2026-08-07 19:59:00,109.2969719638811,2026-08-07 21:59:00,109.28021286575728,-0.016759098123827698,0,0.022732895052058666,1.4352654611510198,3476.5,2422.2,bull,-0.16749542278142826,BUY
BUY,2026-08-07 13:44:00,107.39289709369628,2026-08-07 22:08:00,117.29797002846152,9.905072934765244,1,0.01699042414024632,0.6537356321839081,1365.0,2088.0,sideways,-0.16437342734985805,BUY
BUY,2026-08-07 15:02:00,107.94582145497864,2026-08-07 22:10:00,117.51052319181467,9.564701736836028,1,0.071070254203903,1.0484724742891711,1386.5,1322.4,bull,0.5715264518630789,BUY
BUY,2026-08-07 14:38:00,103.80511512560508,2026-08-07 17:25:00,104.95132043442887,1.146205308823781,1,0.12261777954030606,1.3670384502494863,1863.0,1362.8,bull,0.3621058657485463,BUY
BUY,2026-08-07 19:28:00,106.58559162158785,2026-08-07 22:03:00,109.42387526355989,2.8382836419720405,1,0.040456972393613455,0.7052728041731284,1000.5,1418.6,bull,0.41312078926445395,BUY
BUY,2026-08-07 15:34:00,105.36844245922902,2026-08-07 16:53:00,102.67997063840455,-2.6884718208244607,0,0.028274137519900933,0.7587268993839835,1478.0,1948.0,bull,0.49337698038949895,BUY
BUY,2026-08-07 19:49:00,103.46851776500816,2026-08-07 21:49:00,100.80184050584626,-2.666677259161901,0,0.042156552894866195,1.3102649006622518,1978.5,1510.0,bull,0.5357541476681433,BUY
BUY,2026-08-07 14:33:00,99.75695762346707,2026-08-07 17:13:00,102.19543278865969,2.4384751651926138,1,0.026520786046503986,1.4642694583522986,3217.0,2197.0,bull,0.322231959579625,BUY
BUY,2026-08-07 20:17:00,101.85151527069279,2026-08-07 21:39:00,97.5240152632943,-4.327500007398484,0,0.06338216690529919,0.935042237110399,1284.0,1373.2,bull,0.113009375189705,BUY
BUY,2026-08-07 14:41:00,101.44891466878954,2026-08-07 16:48:00,99.5136509642392,-1.9352637045503371,0,0.12068829621027533,1.738389991484902,5308.0,3053.4,bull,0.004219278472021415,BUY
BUY,2026-08-07 19:56:00,101.22266897952352,2026-08-07 22:02:00,99.62689477188196,-1.5957742076415542,0,0.09313004002511605,1.520360887588393,2494.0,1640.4,bull,0.399294700094444,BUY
SELL,2026-08-07 12:30:00,103.39145526171282,2026-08-07 12:58:00,108.06569060439523,-4.674235342682408,0,-0.0574538804959559,0.9090909090909091,1212.0,1333.2,bear,-0.12508312008147016,SELL
SELL,2026-08-07 17:10:00,112.89035964135681,2026-08-07 20:18:00,111.90751129071673,0.9828483506400829,1,-0.06009416246708099,1.1891672244000382,2487.5,2091.8,bear,-0.3563088583052547,SELL
SELL,2026-08-07 22:09:00,109.74505649851716,2026-08-07 23:17:00,114.92602772368768,-5.1809712251705236,0,-0.03607687796677794,0.6904282115869017,1370.5,1985.0,bear,0.08098385468443325,SELL
SELL,2026-08-07 12:22:00,103.97280266915813,2026-08-07 12:48:00,106.50562574570178,-2.53282307654365,0,-0.0045092766267913476,0.6361153455284553,1001.5,1574.4,bear,0.10281203657321214,SELL
SELL,2026-08-07 17:10:00,108.97653612772874,2026-08-07 19:47:00,110.04657739391376,-1.0700412661850294,0,-0.01229645929254275,0.8603603603603603,764.0,888.0,bear,-0.19479101450542657,SELL
BUY,2026-08-07 14:29:00,100.61167769866809,2026-08-07 17:11:00,102.3089332146633,1.6972555159952094,1,0.10285049859444939,1.0602688919796013,2287.0,2157.0,bull,0.18855937994598548,BUY
SELL,2026-08-07 12:21:00,105.00446921720997,2026-08-07 14:19:00,108.4268457240333,-3.4223765068233263,0,-0.03672253544762327,0.6546624742065441,1332.5,2035.4,bear,-0.26914063351100026,SELL
SELL,2026-08-07 16:38:00,106.66364710313509,2026-08-07 19:38:00,108.49605433041697,-1.8324072272818768,0,-0.13413097482022351,1.4943495514147687,3464.5,2318.4,bear,-0.5397569515485259,SELL
SELL,2026-08-07 22:38:00,111.77166839534702,2026-08-07 22:47:00,113.70619942021611,-1.934531024869088,0,-0.03584230706955793,1.5370787219408493,4916.5,3198.6,bull,-0.02367476764116816,SELL
BUY,2026-08-07 13:57:00,103.18733216313086,2026-08-07 16:47:00,101.86418675687081,-1.3231454062600534,0,0.09842347138058472,1.1296834625322998,2098.5,1857.6,sideways,-0.30249355121381427,BUY
BUY,2026-08-07 19:59:00,98.34879312440955,2026-08-07 20:13:00,96.46712780341575,-1.881665320993804,0,0.0443221543062009,0.5587370959234421,1483.0,2654.2,bull,-0.46648219205260943,BUY
BUY,2026-08-07 20:19:00,97.62263775398131,2026-08-07 20:57:00,96.47441808931336,-1.1482196646679483,0,0.016978146147806683,1.0479814265445635,1625.0,1550.6,bull,0.3768300016225652,BUY
BUY,2026-08-07 20:59:00,97.27271631291363,2026-08-07 21:01:00,96.1543632995964,-1.1183530133172326,0,0.010435351054837838,1.0226755649931747,1348.5,1318.6,bear,0.29590337627294616,BUY
BUY,2026-08-07 21:08:00,97.19426768101101,2026-08-07 21:09:00,96.71952992980796,-0.47473775120305106,0,0.005113200188631595,0.8110792597062965,3225.5,3976.8,bear,0.08946123190723654,BUY
BUY,2026-08-07 14:41:00,104.7271092544789,2026-08-07 16:23:00,101.30177557952257,-3.4253336749563346,0,0.025824930826146897,0.8251633986928105,1464.5,1774.8,bull,0.47740788015136104,BUY
BUY,2026-08-07 19:56:00,96.03505723027993,2026-08-07 21:45:00,93.6160062574393,-2.419050972840637,0,0.04460147104839507,0.7073466909532483,1398.0,1976.4,bull,0.17040651773004356,BUY
BUY,2026-08-07 14:57:00,103.17061688636502,2026-08-07 16:52:00,102.13793085765298,-1.0326860287120496,0,0.03158632694427865,1.065444274224435,2225.5,2088.8,bull,-0.017176433851659567,BUY
BUY,2026-08-07 20:45:00,99.74559780444129,2026-08-07 21:39:00,95.00829173279033,-4.737306071650963,0,0.07177656565951906,1.3409588707714772,2204.0,1643.6,bull,0.3861532734986639,BUY
BUY,2026-08-07 09:47:00,101.12125833713566,2026-08-07 11:55:00,100.40389535077168,-0.7173629863639803,0,0.04587512079936573,0.43469124733833914,1551.5,3569.2,bull,-0.25865237684377007,BUY
BUY,2026-08-07 13:52:00,102.67325971298358,2026-08-07 17:11:00,105.7415015003809,3.0682417873973264,1,0.061933489132570685,1.1410702451954937,1377.5,1207.2,sideways,0.5423218088815815,BUY
BUY,2026-08-07 17:56:00,106.84493599151916,2026-08-07 22:22:00,113.57298099121178,6.728044999692614,1,0.00998552257564711,0.9232741370685342,2953.0,3198.4,sideways,-0.3894972799655392,BUY
BUY,2026-08-07 16:18:00,95.78504986288692,2026-08-07 16:37:00,93.76832113993882,-2.016728722948102,0,0.0008244684027118865,0.7624899274778405,1514.0,1985.6,bear,-0.0752790085750803,BUY
BUY,2026-08-07 19:28:00,92.52331221838233,2026-08-07 22:22:00,95.75274481121932,3.229432592836986,1,0.03792845462064065,0.7670174284774746,1399.5,1824.6,bull,-0.13351137921718248,BUY
BUY,2026-08-07 14:47:00,108.21356435439931,2026-08-07 17:20:00,109.0770760490371,0.8635116946377934,1,0.04635569404875639,1.5509273715106477,4967.0,3202.6,bull,0.39552883286626184,BUY
BUY,2026-08-07 19:37:00,109.13473821019184,2026-08-07 22:23:00,109.45556679858818,0.32082858839633843,1,0.01390336639393297,0.9641324340895157,1258.0,1304.8,bull,0.2684044576363931,BUY
SELL,2026-08-07 12:00:00,101.92850105267387,2026-08-07 14:22:00,101.47853741368189,0.44996363899197434,1,-0.05953162024073322,1.9390064203768025,3684.5,1900.2,bear,0.33155391604904594,SELL
SELL,2026-08-07 17:34:00,105.74215757612566,2026-08-07 19:58:00,107.69917033232747,-1.9570127562018058,0,-0.08525055762341083,0.768923848609211,1349.0,1754.4,bear,-0.08179351042926442,SELL
SELL,2026-08-07 21:44:00,106.84334818397028,2026-08-07 23:30:00,109.62098152722623,-2.777633343255957,0,-0.0007468424149408293,1.1339103374501605,2332.0,2056.6,bear,-0.1645787456972272,SELL
SELL,2026-08-07 17:38:00,123.0102717450273,2026-08-07 20:05:00,125.41237967628369,-2.4021079312563955,0,-0.08584742472616824,0.9834986055159591,1269.5,1290.8,sideways,0.6289459763208072,SELL
SELL,2026-08-07 21:48:00,123.99768858046896,2026-08-08 00:01:00,124.36155072999051,-0.3638621495215517,0,-0.09172596875613692,0.5417726887192537,1533.0,2829.6,bear,0.2886797654852131,SELL
SELL,2026-08-07 11:39:00,100.8327713228125,2026-08-07 14:31:00,101.72418842519225,-0.8914171023797479,0,-0.024412105307263232,1.2077980280848521,1617.0,1338.8,bear,0.1166398888314859,SELL
SELL,2026-08-07 18:36:00,104.91531164996334,2026-08-07 20:02:00,107.54631514816388,-2.631003498200542,0,-0.011552840105025552,1.000687757909216,1600.5,1599.4,sideways,0.14545256723438627,SELL
SELL,2026-08-07 21:45:00,105.67949977717957,2026-08-07 23:36:00,105.59516231928009,0.08433745789947977,1,-0.0011954130829963105,1.320856254484573,2209.0,1672.4,bear,-0.06234616895800116,SELL
BUY,2026-08-07 14:40:00,104.50051227998462,2026-08-07 16:46:00,101.22775699247815,-3.2727552875064703,0,0.0719571513713646,1.1596800882515168,1682.0,1450.4,bull,0.3967632933744909,BUY
BUY,2026-08-07 20:15:00,100.95273668888802,2026-08-07 22:11:00,100.56055140848973,-0.39218528039829437,0,0.0018564847168818233,0.6426592797783933,928.0,1444.0,bull,0.48125297759270325,BUY
BUY,2026-08-07 13:52:00,104.90113870794536,2026-08-07 17:12:00,109.07586386107769,4.174725153132329,1,0.08747633183699577,0.5814262905800958,1092.5,1879.0,sideways,-0.1901134296197995,BUY
BUY,2026-08-07 18:23:00,109.92478138730665,2026-08-07 22:31:00,114.86034592838472,4.935564541078065,1,0.0030820968892300016,0.8445083014048531,1322.5,1566.0,sideways,0.49565879983400407,BUY
SELL,2026-08-07 12:32:00,106.029385469071,2026-08-07 14:25:00,108.9093917351631,-2.8800062660920958,0,-0.03937893744574694,1.212354437157007,1811.5,1494.2,bear,-0.5014475780046013,SELL
SELL,2026-08-07 17:04:00,109.05455872877924,2026-08-07 18:45:00,112.26276830019724,-3.2082095714179957,0,-0.02963705699890795,0.8850112980165703,2115.0,2389.8,bear,-0.35201004947394665,SELL
SELL,2026-08-07 19:11:00,107.24380818741844,2026-08-07 19:48:00,112.05358687926288,-4.809778691844443,0,-0.09198173963365264,0.7129190962099126,1565.0,2195.2,sideways,-0.30202827756781403,SELL
BUY,2026-08-07 15:05:00,101.02351993917499,2026-08-07 17:11:00,99.5908665056582,-1.4326534335167906,0,0.02657847695070359,0.9159969864389754,1459.0,1592.8,bull,-0.0948263664863731,BUY
BUY,2026-08-07 19:46:00,101.31209170476774,2026-08-07 22:24:00,100.00643744054005,-1.3056542642276838,0,0.050694372725516246,1.1348572399728076,1335.5,1176.8,bull,0.14923440462116844,BUY
BUY,2026-08-07 14:23:00,106.9442562578231,2026-08-07 17:39:00,110.20029602224368,3.256039764420578,1,0.04558744482771715,0.6274718588378461,825.0,1314.8,bull,-0.5932138236889273,BUY
BUY,2026-08-07 19:32:00,114.14727928437925,2026-08-07 21:53:00,111.10156319112048,-3.0457160932587755,0,0.005331918638432853,0.3570195130374719,1654.0,4632.8,bull,0.2551653967222194,BUY
SELL,2026-08-07 12:15:00,102.26912397534313,2026-08-07 14:59:00,101.68793398779671,0.5811899875464235,1,-0.06593083973419311,1.3150906959100628,3813.5,2899.8,bear,-0.38382685703327013,SELL
SELL,2026-08-07 17:02:00,101.70730017514616,2026-08-07 20:25:00,100.67128658785992,1.0360135872862344,1,-0.0026024372765647286,0.8845045045045045,2454.5,2775.0,bear,-0.14995167807043686,SELL
SELL,2026-08-07 21:37:00,96.18858405402591,2026-08-07 23:23:00,100.1626454399935,-3.9740613859675875,0,-0.12123301960743049,1.0948093809047459,1970.0,1799.4,bear,-0.3392305827662341,SELL
SELL,2026-08-07 11:56:00,102.16881009914127,2026-08-07 13:09:00,106.84189829401468,-4.673088194873415,0,-0.09824164579082151,1.3370720188902008,2944.5,2202.2,bear,-0.07397255503499878,SELL
SELL,2026-08-07 17:25:00,107.84558556116124,2026-08-07 20:11:00,109.24932359189023,-1.403738030728988,0,-0.08371965835576134,1.054671700148308,1564.5,1483.4,bear,-0.8679630196937893,SELL
SELL,2026-08-07 22:29:00,109.72443356002205,2026-08-07 23:02:00,112.21110088803893,-2.4866673280168783,0,-0.015174023964405592,0.8588246199480906,926.5,1078.8,bear,-0.2745615096109333,SELL
SELL,2026-08-07 09:22:00,99.8615487958698,2026-08-07 09:23:00,100.26239693145729,-0.4008481355874949,0,-0.0033442761197477466,0.5694663041923022,796.0,1397.8,bull,0.012851759070400703,SELL
SELL,2026-08-07 11:57:00,100.8062406074661,2026-08-07 15:01:00,105.37248464133125,-4.566244033865161,0,-0.07362118265663753,1.0552399721771388,1820.5,1725.2,bear,-0.2077463988827617,SELL
SELL,2026-08-07 17:04:00,103.74045884004991,2026-08-07 19:55:00,103.48882567563501,0.2516331644148977,1,-0.09458264027428243,0.9697520446579255,1494.0,1540.6,bear,-0.0965605884796048,SELL
SELL,2026-08-07 22:03:00,102.50320448626483,2026-08-07 23:31:00,105.81334222175177,-3.310137735486933,0,-0.009635664311403502,0.7833749653066888,1129.0,1441.2,bear,0.12189252812625284,SELL
SELL,2026-08-07 09:20:00,99.616005745564,2026-08-07 09:22:00,100.61998349891714,-1.0039777533531407,0,-0.0158745296215983,0.8747635774115103,647.5,740.2,bull,-0.13632065287798412,SELL
SELL,2026-08-07 11:54:00,101.84627696004621,2026-08-07 13:49:00,102.32205815827157,-0.4757811982253628,0,-0.07986875200252541,0.8636863319897399,2357.0,2729.0,bear,0.05671095862648201,SELL
SELL,2026-08-07 17:32:00,107.77160399823026,2026-08-07 20:08:00,107.77032581668982,0.0012781815404423469,1,-0.09528555066889055,1.4303501358285542,3791.0,2650.4,bear,0.04275441831073579,SELL
SELL,2026-08-07 21:50:00,105.35073214545558,2026-08-08 00:01:00,106.82849847358354,-1.4777663281279558,0,-0.0383071894833904,0.9544300225733635,1353.0,1417.6,bear,0.1406581922237251,SELL
SELL,2026-08-07 12:02:00,99.67588358939156,2026-08-07 14:40:00,100.03733300409628,-0.36144941470472247,0,-0.08616076425484209,0.891448131817127,1536.5,1723.6,bear,-0.45067506013582204,SELL
SELL,2026-08-07 17:09:00,98.45623252249689,2026-08-07 20:13:00,98.61748224748483,-0.16124972498793966,0,-0.009197440043735128,1.6204890027759982,3035.5,1873.2,bear,-0.43124909532656375,SELL
SELL,2026-08-07 22:11:00,96.56558726337263,2026-08-07 23:36:00,100.64745123729615,-4.081863973923518,0,-0.05648005015537194,0.7965914121292608,1799.5,2259.0,bear,-0.32231698582653223,SELL
BUY,2026-08-07 13:40:00,105.09290612977208,2026-08-07 17:49:00,110.28902654479465,5.196120415022577,1,0.06002557172891443,1.2807507987220448,1603.5,1252.0,sideways,-0.225418511483781,BUY
BUY,2026-08-07 18:55:00,114.03917087884716,2026-08-07 22:00:00,117.5739776172101,3.5348067383629456,1,0.10898930799886841,1.0087435233160622,1869.0,1852.8,sideways,-0.3376379910913414,BUY
BUY,2026-08-07 15:33:00,107.12217187653962,2026-08-07 16:45:00,103.58828598142027,-3.5338858951193544,0,0.004382883970549756,1.6580029013539652,4114.5,2481.6,bull,0.008710939759964731,BUY
BUY,2026-08-07 20:02:00,100.89134157292058,2026-08-07 22:21:00,100.02246583116802,-0.8688757417525608,0,0.02488968221354071,0.6585588111594,939.5,1426.6,bull,0.5783592936451782,BUY
SELL,2026-08-07 12:15:00,104.06256428474464,2026-08-07 14:43:00,106.50961882119465,-2.447054536450011,0,-0.12592685580835905,0.890519286530182,2027.0,2276.2,bear,-0.21425520141069399,SELL
SELL,2026-08-07 16:58:00,107.40364299038112,2026-08-07 20:35:00,105.40259301204502,2.0010499783360984,1,-0.024185193961159257,0.6387232312279751,942.5,1475.6,bear,0.6401726368126219,SELL
SELL,2026-08-07 21:18:00,101.53737536028082,2026-08-07 23:32:00,102.10453567389484,-0.5671603136140249,0,-0.043131322557101726,0.47045135230066737,1071.5,2277.6,bear,0.22291580109045128,SELL
BUY,2026-08-07 09:49:00,101.21954659266844,2026-08-07 12:26:00,102.65070891138494,1.4311623187165026,1,0.04534996399191016,0.8554414491513336,1199.5,1402.2,bull,0.5252051684423691,BUY
BUY,2026-08-07 14:48:00,102.98920897723391,2026-08-07 16:46:00,102.82150768570902,-0.16770129152489233,0,0.04130173268772808,1.07059633513399,2021.5,1888.2,bull,-0.20799431401472646,BUY
BUY,2026-08-07 14:55:00,99.95220670924125,2026-08-07 16:36:00,95.98054766663387,-3.971659042607385,0,0.019295730024012414,0.8005098470458862,1601.5,2000.6,bull,0.17872345910366505,BUY
BUY,2026-08-07 20:17:00,93.51874951401746,2026-08-07 21:41:00,90.17934011647189,-3.339409397545566,0,0.01084387011708543,0.6651250293956259,1697.0,2551.4,bull,0.06007424082780233,BUY
BUY,2026-08-07 15:01:00,101.06401343101214,2026-08-07 16:59:00,98.99503432379545,-2.068979107216691,0,0.03559371204596573,1.8640983812272556,5942.0,3187.6,bull,-0.2474920564819172,BUY
BUY,2026-08-07 19:19:00,101.43963959929606,2026-08-07 22:07:00,104.47473229490159,3.0350926956055275,1,0.003254644443217103,0.9794520547945206,1573.0,1606.0,bull,-0.24527258106506622,BUY
BUY,2026-08-07 15:19:00,99.87577425724136,2026-08-07 16:51:00,98.17119034639968,-1.7045839108416772,0,0.024504978286913115,0.8888088061852968,1356.5,1526.2,bull,0.3270997722995048,BUY
BUY,2026-08-07 19:53:00,94.8153426438839,2026-08-07 21:38:00,91.9488634121276,-2.8664792317563013,0,0.05701400493983044,0.5538597205263872,816.5,1474.2,bull,-0.12274321418939849,BUY
BUY,2026-08-07 14:47:00,103.57182948585218,2026-08-07 17:13:00,102.69720033875412,-0.8746291470980623,0,0.13130845172383943,0.9334252758274825,1489.0,1595.2,bull,0.005081249692736378,BUY
BUY,2026-08-07 19:40:00,107.2745705679578,2026-08-07 22:01:00,105.39172603098521,-1.8828445369725841,0,0.008004801801718031,1.3823805060918462,2360.0,1707.2,bull,0.4422914219553036,BUY
BUY,2026-08-07 09:48:00,100.41304162176851,2026-08-07 09:49:00,99.96872385087447,-0.44431777089404534,0,0.00021426063564433662,0.48998765601426414,1429.0,2916.4,bull,0.1628914718860841,BUY
BUY,2026-08-07 09:50:00,100.25020961991989,2026-08-07 11:52:00,102.36945247529941,2.1192428553795253,1,0.006192438992670191,1.099705882352941,1869.5,1700.0,bull,0.28148576904541756,BUY
BUY,2026-08-07 14:45:00,103.98454941128257,2026-08-07 17:10:00,103.45555552754666,-0.5289938837359074,0,0.1219114880082941,0.8997689196995956,2180.5,2423.4,bull,-0.10021062495222566,BUY
BUY,2026-08-07 19:31:00,104.35664792098478,2026-08-07 21:40:00,104.4358133620139,0.07916544102911871,1,0.008757462334443744,0.5137844611528822,902.0,1755.6,bull,0.12026024302682004,BUY
BUY,2026-08-07 09:21:00,100.8728032551408,2026-08-07 12:18:00,101.92847961559414,1.0556763604533472,1,0.03623844477009186,1.0684171936577767,2331.5,2182.2,bull,0.6793611418869148,BUY
BUY,2026-08-07 15:26:00,100.65062351478736,2026-08-07 17:00:00,97.63445379764556,-3.0161697171417927,0,0.034819271458104595,1.065041782729805,3823.5,3590.0,bull,0.45441549560686667,BUY
BUY,2026-08-07 20:12:00,94.51800939292536,2026-08-07 21:55:00,93.23668996048202,-1.2813194324433397,0,0.03349990172203832,1.1695944200464996,1811.0,1548.4,bull,-0.419701531871965,BUY
BUY,2026-08-07 10:17:00,101.83050515719412,2026-08-07 11:52:00,100.152365344616,-1.6781398125781237,0,0.07047142156271491,1.9078498293515358,3913.0,2051.0,bull,0.49759940015952964,BUY
BUY,2026-08-07 13:34:00,101.14493941695258,2026-08-07 17:06:00,102.89074217154591,1.7458027545933277,1,0.06545556994389301,0.9921314281951669,3013.5,3037.4,sideways,0.15913860761978071,BUY
BUY,2026-08-07 15:10:00,104.80591504215589,2026-08-07 16:51:00,103.20737610729647,-1.5985389348594197,0,0.02097184126647278,0.883215611157668,1475.5,1670.6,bull,0.20328584785649184,BUY
BUY,2026-08-07 19:42:00,104.47850314925826,2026-08-07 22:40:00,106.71250382332067,2.2340006740624148,1,0.07611596414452038,1.1933867735470942,1786.5,1497.0,bull,0.3276444243881542,BUY
SELL,2026-08-07 11:42:00,100.96759326865896,2026-08-07 14:51:00,100.35267091260977,0.6149223560491919,1,-0.019714242465568077,0.9258253692441356,852.5,920.8,bear,-0.7610721807458702,SELL
SELL,2026-08-07 17:33:00,100.2588195012301,2026-08-07 19:09:00,101.33682437115164,-1.0780048699215428,0,-0.02295651411239419,0.9148245285375296,1465.0,1601.4,bear,-0.007043169842333441,SELL
SELL,2026-08-07 19:10:00,100.98891191011641,2026-08-07 19:15:00,101.87855829289954,-0.8896463827831269,0,-0.005166411764463419,1.3375960969840333,1809.5,1352.8,sideways,-0.34791246103522155,SELL
SELL,2026-08-07 22:11:00,107.03070732556824,2026-08-07 23:35:00,109.960540350823,-2.9298330252547515,0,-0.09699944900967239,0.8706833210874356,1659.0,1905.4,bear,0.4009253053830264,SELL
SELL,2026-08-07 11:56:00,102.649494152852,2026-08-07 14:47:00,101.85084430143682,0.7986498514151776,1,-0.07347162657659112,0.5200656840756167,1298.5,2496.8,bear,-0.3104826612642171,SELL
SELL,2026-08-07 17:01:00,100.49924708434177,2026-08-08 00:00:00,92.20261629369136,8.296630790650411,1,-0.028974835154500056,1.6365964712578258,2875.5,1757.0,bear,0.22523193134780684,SELL
BUY,2026-08-07 15:42:00,103.23919699685699,2026-08-07 16:20:00,100.67460118089411,-2.564595815962875,0,0.0016449560789766338,0.9284524057488023,1783.0,1920.4,bull,0.5543419664238343,BUY
BUY,2026-08-07 20:10:00,96.30258952415917,2026-08-07 21:40:00,92.9754582915731,-3.327131232586069,0,0.028875253977886928,1.2916718691472093,2069.0,1601.8,bull,-0.6166863107587943,BUY
SELL,2026-08-07 12:35:00,106.1518645652712,2026-08-07 13:08:00,108.3729208441821,-2.2210562789109076,0,-0.03797401381636689,1.2972753151687677,3190.0,2459.0,sideways,0.01666002123768351,SELL
SELL,2026-08-07 13:38:00,106.44835941585569,2026-08-07 14:41:00,109.35397251341965,-2.9056130975639576,0,-0.025670844101384205,1.066777245361838,1736.5,1627.8,sideways,0.6123078461697986,SELL
SELL,2026-08-07 16:37:00,108.5252910797178,2026-08-07 20:02:00,104.78528171510837,3.740009364609435,1,-0.008774486627643796,1.006789675546802,1942.5,1929.4,bear,0.5424629353411063,SELL
SELL,2026-08-07 21:57:00,101.94933943842847,2026-08-07 23:36:00,106.83201947247291,-4.882680034044441,0,-0.041604109335523276,0.6597496334724258,1170.0,1773.4,bear,-0.44112852882757636,SELL
BUY,2026-08-07 14:30:00,107.48874789849194,2026-08-07 17:30:00,110.0571482530395,2.5684003545475633,1,0.03109124380564765,0.7240062074728423,2426.0,3350.8,bull,0.16301681326160633,BUY
BUY,2026-08-07 18:25:00,112.18427321081657,2026-08-07 19:23:00,110.86021430441582,-1.3240589064007509,0,0.017118168371510478,0.509478672985782,1204.0,2363.2,sideways,0.4152966927694024,BUY
BUY,2026-08-07 19:36:00,112.29589984848074,2026-08-07 22:15:00,114.29471627027156,1.9988164217908206,1,0.004271325381949964,1.2135145026992404,2652.5,2185.8,bull,0.12266801563595209,BUY
BUY,2026-08-07 15:14:00,98.61537287357302,2026-08-07 16:36:00,94.08314749336317,-4.5322253802098516,0,6.505959652258753e-05,1.4073944890129055,4035.0,2867.0,bull,0.25575474794730724,BUY
BUY,2026-08-07 19:57:00,92.09985779839491,2026-08-07 22:12:00,93.78936896339972,1.6895111650048165,1,0.026377173353893113,0.925585386784357,1510.0,1631.4,bull,0.6446642070680042,BUY
SELL,2026-08-07 09:22:00,99.71187547315792,2026-08-07 09:36:00,100.64871548841975,-0.9368400152618364,0,-0.0006685216647071002,1.4280212256076685,1668.5,1168.4,bull,-0.40918761678715043,SELL
SELL,2026-08-07 12:22:00,102.54036563649923,2026-08-07 15:16:00,102.68398354949018,-0.14361791299094762,0,-0.032795434841929705,1.320109439124487,4246.0,3216.4,bear,0.08228872411298482,SELL
SELL,2026-08-07 16:47:00,98.44890693915886,2026-08-08 00:22:00,85.46425453085958,12.984652408299283,1,-0.062156512879724346,0.7606787595084845,1040.0,1367.2,bear,0.05432774824292608,SELL
SELL,2026-08-07 12:17:00,104.66695716509001,2026-08-07 13:37:00,107.66586726332025,-2.9989100982302404,0,-0.026918580506858802,0.6248495788206979,1038.5,1662.0,bear,-0.3157539755201242,SELL
SELL,2026-08-07 13:56:00,105.85929321384864,2026-08-07 14:21:00,108.00194097188886,-2.142647758040212,0,-0.022874481817424908,0.8542784524145721,1210.0,1416.4,sideways,-0.7021268701672767,SELL
SELL,2026-08-07 17:36:00,112.27246636259926,2026-08-07 19:45:00,114.3251695454089,-2.052703182809637,0,-0.05004818121641108,0.6816948539386813,1507.5,2211.4,sideways,0.2426510758676983,SELL
SELL,2026-08-07 22:11:00,116.68311791197716,2026-08-07 23:18:00,121.30882095374092,-4.625703041763757,0,-0.07112082347222781,0.5115295539220622,1016.0,1986.2,bear,-0.22199443460540635,SELL
BUY,2026-08-07 15:43:00,97.24535829483226,2026-08-07 16:55:00,92.94383040013405,-4.301527894698211,0,0.07923631053898816,1.133056133056133,3270.0,2886.0,bull,0.09379692960497721,BUY
BUY,2026-08-07 19:05:00,93.98030231735301,2026-08-07 21:52:00,93.66649559550191,-0.31380672185109404,0,0.00619680805976941,1.006638315527435,1941.0,1928.2,sideways,0.29887327859262314,BUY
BUY,2026-08-07 14:33:00,105.62348946876651,2026-08-07 17:17:00,107.65070592742309,2.027216458656582,1,0.06948294292038781,0.6880798425639584,979.0,1422.8,bull,-0.6240284189504735,BUY
BUY,2026-08-07 19:52:00,107.89830352339095,2026-08-07 22:23:00,109.50206732939627,1.6037638060053183,1,0.06312876176498605,1.0933525052538435,1977.0,1808.2,bull,0.004083018869295074,BUY
SELL,2026-08-07 11:57:00,100.63217337376776,2026-08-07 20:03:00,81.40017172424743,19.232001649520328,1,-0.002678182531852258,0.9852328909705959,1514.5,1537.2,bear,0.22097408041750555,SELL
SELL,2026-08-07 21:42:00,78.65056460767848,2026-08-07 23:54:00,79.8191247349817,-1.1685601273032233,0,-0.08424856997228858,0.6687361885720299,1271.0,1900.6,bear,-0.4922207573496564,SELL
SELL,2026-08-07 12:09:00,102.10997285203577,2026-08-07 14:46:00,103.91871320796999,-1.8087403559342192,0,-0.0074263748437317645,1.3154568436258578,1457.0,1107.6,bear,-0.04271984716621091,SELL
SELL,2026-08-07 17:02:00,102.40216909899497,2026-08-07 20:17:00,100.35407603813401,2.048093060860964,1,-0.045140175823632944,1.1111883252258512,1599.0,1439.0,bear,-0.6324150361283074,SELL
SELL,2026-08-07 22:20:00,101.05461407799159,2026-08-07 23:06:00,103.01167526701227,-1.9570611890206777,0,-0.0018284048966421551,1.7854241418996684,5274.5,2954.2,bear,0.7298179752450835,SELL
SELL,2026-08-07 12:40:00,107.97012038047734,2026-08-07 14:55:00,108.33159598831266,-0.36147560783531674,0,-0.017885030206599595,0.6812577065351417,1547.0,2270.8,sideways,-0.44133474146090634,SELL
SELL,2026-08-07 17:18:00,106.48715230048576,2026-08-07 19:26:00,109.67359599761453,-3.186443697128766,0,-0.12198464714944635,1.4136088652682761,5000.5,3537.4,bear,-0.7809293112885598,SELL
SELL,2026-08-07 22:04:00,109.44979689899452,2026-08-07 23:41:00,111.68335977799867,-2.233562879004154,0,-0.10344080242093412,1.019793051072717,2148.5,2106.8,bear,-0.3162002817957159,SELL
SELL,2026-08-07 12:24:00,103.99021995968106,2026-08-07 14:44:00,105.88526366161325,-1.8950437019321953,0,-0.06629666038377025,0.5233266337779402,1718.5,3283.8,bear,-0.2607781370314797,SELL
SELL,2026-08-07 16:57:00,103.37988010279244,2026-08-07 19:53:00,104.7345379372484,-1.3546578344559634,0,-0.1302897976996178,0.6388206388206388,676.0,1058.2,bear,-0.25275825543434394,SELL
SELL,2026-08-07 22:12:00,103.56946633630244,2026-08-07 23:20:00,107.34486403031157,-3.775397694009129,0,-0.0389515739868358,1.197609561752988,1503.0,1255.0,bear,0.19130684463736713,SELL
SELL,2026-08-07 12:34:00,103.47364668039138,2026-08-07 14:21:00,104.67674657317158,-1.2030998927802017,0,-0.01989931180297333,0.9061696658097687,1339.5,1478.2,bear,0.13627503813593478,SELL
SELL,2026-08-07 16:43:00,103.83901341758266,2026-08-07 19:29:00,102.6278503173823,1.2111631002003662,1,-0.014981606824477467,0.5879857079053149,1316.5,2239.0,bear,0.18087935284796686,SELL
SELL,2026-08-07 22:26:00,103.32892622238549,2026-08-07 23:09:00,108.9700874838832,-5.6411612614977145,0,-0.09262405757195324,0.9812332439678284,1464.0,1492.0,bear,-0.6212630835597537,SELL
BUY,2026-08-07 09:42:00,101.47847441403549,2026-08-07 12:25:00,102.83184014837052,1.3533657343350285,1,0.011285512651568297,1.160220994475138,1680.0,1448.0,bull,0.8189382009849027,BUY
BUY,2026-08-07 15:01:00,101.94241815516312,2026-08-07 17:19:00,100.24935205395977,-1.6930661012033568,0,0.06983056231459273,1.205381069782399,2249.0,1865.8,bull,-0.018557498405414208,BUY
BUY,2026-08-07 19:48:00,101.9770898723024,2026-08-07 21:56:00,99.62481653974407,-2.352273332558326,0,0.02657759965379114,1.0051440329218106,977.0,972.0,bull,-0.35178229492588287,BUY
SELL,2026-08-07 09:23:00,99.2631782182464,2026-08-07 09:59:00,101.2414299595411,-1.9782517412946987,0,-0.00520887417489746,0.8856508034929985,3428.0,3870.6,bull,-0.5112649537328053,SELL
SELL,2026-08-07 11:44:00,99.23753291432391,2026-08-07 15:15:00,98.04033584968577,1.1971970646381322,1,-0.03880749481959356,0.8801775147928994,1190.0,1352.0,bear,-0.22764219924000884,SELL
SELL,2026-08-07 16:38:00,94.64508039736569,2026-08-07 19:55:00,93.07128446701623,1.573795930349462,1,-0.05182925863952903,1.0823103901797457,987.5,912.4,bear,0.254110578074247,SELL
SELL,2026-08-07 22:17:00,93.11102851649056,2026-08-07 23:00:00,96.38094009026412,-3.2699115737735553,0,-0.05007036266955822,0.6189482470784641,1483.0,2396.0,bear,-0.25438277321447345,SELL
BUY,2026-08-07 20:03:00,120.12049153831587,2026-08-07 21:37:00,116.84192773731453,-3.27856380100134,0,0.0478168195545976,0.74310551558753,1239.5,1668.0,bull,0.08239706226699184,BUY
SELL,2026-08-07 12:08:00,101.21108751225813,2026-08-07 13:45:00,102.80325508113306,-1.5921675688749275,0,-0.10237782729947753,1.1902607551205067,2894.0,2431.4,bear,0.3503804456047561,SELL
SELL,2026-08-07 14:09:00,100.6775492952513,2026-08-07 15:04:00,102.07239797735059,-1.394848682099294,0,-0.02107741452009293,0.7158467168123602,1408.5,1967.6,sideways,-0.3853311096824399,SELL
SELL,2026-08-07 15:14:00,100.25135042881476,2026-08-07 15:23:00,102.80211069759746,-2.550760268782696,0,-0.041995773838038986,1.260854816824966,1858.5,1474.0,bull,-0.6508969294380478,SELL
SELL,2026-08-07 17:12:00,100.32420307777059,2026-08-07 19:23:00,101.58414286781779,-1.2599397900471985,0,-0.04312932185111151,1.386914447203905,3239.0,2335.4,bear,-0.7041315791361029,SELL
BUY,2026-08-07 14:46:00,101.83216520271591,2026-08-07 16:57:00,99.46851902579638,-2.3636461769195307,0,0.005228386716581213,0.8597114556416883,1597.0,1857.6,bull,-0.31950757314911016,BUY
BUY,2026-08-07 20:27:00,97.90909894016589,2026-08-07 21:30:00,94.8741122764392,-3.0349866637266842,0,0.04832544482110279,0.9125374713454417,1035.0,1134.2,bull,0.5118971434561956,BUY
BUY,2026-08-07 15:34:00,99.3446958208038,2026-08-07 16:35:00,94.68058949206872,-4.6641063287350875,0,0.040935857243965756,0.6904481132075472,1756.5,2544.0,bull,-0.1167023543943344,BUY
BUY,2026-08-07 15:10:00,105.84105894271966,2026-08-07 17:24:00,104.52126107278258,-1.3197978699370765,0,0.10209651947627663,1.5633826216979565,1882.0,1203.8,bull,0.7229915792230202,BUY
BUY,2026-08-07 19:30:00,106.28289253980533,2026-08-07 21:48:00,107.21983980188328,0.9369472620779504,1,0.04003338249211197,0.8437384101866733,1365.0,1617.8,bull,0.05704485784872304,BUY
BUY,2026-08-07 15:14:00,97.6826650981629,2026-08-07 16:53:00,96.0027669069083,-1.679898191254594,0,0.03306160952379855,1.5383568273942767,5085.5,3305.8,bull,0.26650050047533114,BUY
BUY,2026-08-07 19:39:00,97.98198919264236,2026-08-07 21:53:00,98.77451641345134,0.792527220808978,1,0.014167919911145077,0.9240273396424816,1406.0,1521.6,bull,0.11476277017385428,BUY
BUY,2026-08-07 14:11:00,103.11690045727951,2026-08-07 17:29:00,106.42078073049474,3.3038802732152277,1,0.030685950153667818,1.2404685983640649,1789.5,1442.6,sideways,-0.6922067779256196,BUY
BUY,2026-08-07 20:08:00,108.38456838992387,2026-08-07 22:02:00,107.85930269451732,-0.5252656954065458,0,0.005976165610093176,1.0336952204422085,1561.5,1510.6,bull,-0.2509742303827096,BUY
BUY,2026-08-07 15:20:00,97.49277996064356,2026-08-07 16:22:00,90.0335894578707,-7.459190502772856,0,0.08148467356335232,0.8617315219894082,1497.0,1737.2,bull,0.5777677520588611,BUY
BUY,2026-08-07 20:12:00,86.9999068738391,2026-08-07 21:53:00,84.63719309595419,-2.362713777884906,0,0.03860895679109433,0.6888592531801395,671.5,974.8,bull,0.08962167862208048,BUY
BUY,2026-08-07 14:38:00,111.44860809298746,2026-08-07 17:33:00,115.23604623460844,3.7874381416209815,1,0.10872314574979214,1.3131191108963518,4348.0,3311.2,bull,0.274840599355727,BUY
BUY,2026-08-07 18:01:00,117.4757115897079,2026-08-07 22:05:00,120.63697650466645,3.1612649149585508,1,0.024020972470879087,1.6288645564961355,3540.5,2173.6,sideways,-0.4039980520444999,BUY
SELL,2026-08-07 12:23:00,103.33700389916552,2026-08-07 13:39:00,106.99228623510476,-3.6552823359392335,0,-0.029075573114880626,0.9898477157360406,1560.0,1576.0,bear,-0.3699857685734713,SELL
SELL,2026-08-07 16:49:00,105.63119787443179,2026-08-07 19:39:00,106.15914600809899,-0.527948133667195,0,-0.004423433520599929,0.7621996716907924,1021.5,1340.2,bear,-0.27164828793787876,SELL
SELL,2026-08-07 21:57:00,107.05191261911148,2026-08-07 23:34:00,108.90910715975657,-1.8571945406450965,0,-0.00938008317164929,0.3748092573753815,589.5,1572.8,bear,0.6599843632244244,SELL
BUY,2026-08-07 09:25:00,100.68487203413582,2026-08-07 16:52:00,111.85000639333418,11.165134359198362,1,0.01252188882178018,1.0665519538188277,1921.5,1801.6,bull,0.4843083183125003,BUY
BUY,2026-08-07 18:59:00,112.31829014376174,2026-08-07 21:59:00,116.66435896407103,4.346068820309284,1,0.038610676612705674,1.014076753696131,1289.5,1271.6,sideways,-0.006836974162581555,BUY
BUY,2026-08-07 13:54:00,110.28662490417042,2026-08-07 17:04:00,110.65749696868686,0.3708720645164334,1,0.05402955984298785,1.1717607487569466,1602.5,1367.6,sideways,0.362035142187608,BUY
BUY,2026-08-07 19:32:00,113.32173656120754,2026-08-07 22:20:00,115.7449708758701,2.423234314662551,1,0.008920115046251453,0.8079085905719072,1350.5,1671.6,bull,-0.11189366658928179,BUY
BUY,2026-08-07 15:13:00,97.81782944296982,2026-08-07 17:02:00,96.44555047749294,-1.3722789654768803,0,0.009489241222468081,1.114470688673876,1566.5,1405.6,bull,0.23407825103635105,BUY
BUY,2026-08-07 19:36:00,97.44682454380879,2026-08-07 22:11:00,96.83108213314135,-0.615742410667437,0,0.06594748381483839,0.9739208633093526,1624.5,1668.0,bull,0.28233429975715296,BUY
SELL,2026-08-07 12:27:00,103.22836170106775,2026-08-07 13:04:00,107.22596314511124,-3.9976014440434824,0,-0.07642837593715512,0.6325890100843795,1229.5,1943.6,bear,-0.10237648350079098,SELL
SELL,2026-08-07 17:06:00,115.48503162643915,2026-08-07 19:49:00,118.2371809026727,-2.7521492762335527,0,-0.025917606737095866,0.6446650818067403,922.0,1430.2,bear,-0.17616760487560157,SELL
SELL,2026-08-07 22:11:00,117.1883646878482,2026-08-08 00:27:00,118.67756672250539,-1.4892020346571826,0,-0.07410803811623623,1.2855777400169923,1210.5,941.6,bear,-0.32046673498794576,SELL
SELL,2026-08-07 09:52:00,98.72436703833924,2026-08-07 10:09:00,101.76195442545448,-3.037587387115238,0,-0.05232305865334297,1.1772078673351332,1831.5,1555.8,bull,-0.2624229988603446,SELL
SELL,2026-08-07 12:11:00,99.6071336709851,2026-08-07 15:27:00,97.88509857203066,1.72203509895445,1,-0.05650401534080629,1.5048570181183147,2757.5,1832.4,bear,-0.16371507472808844,SELL
SELL,2026-08-07 16:41:00,94.3068736846681,2026-08-07 20:48:00,88.10062908229843,6.206244602369679,1,-0.09956199359928064,1.0613196270619172,4439.5,4183.0,bear,-0.6641585081356283,SELL
SELL,2026-08-07 21:10:00,84.17332477089602,2026-08-07 23:38:00,84.46036978369604,-0.2870450128000215,0,-0.08652398550974283,1.4406851883415714,3381.0,2346.8,bear,-0.33865318382639487,SELL
SELL,2026-08-07 11:55:00,101.82456259206849,2026-08-07 14:58:00,101.54035778909189,0.28420480297660333,1,-0.05386643446772155,1.0354785478547854,1380.5,1333.2,bear,0.519523083739557,SELL
SELL,2026-08-07 17:03:00,98.87261608275855,2026-08-08 00:20:00,86.27366151002553,12.598954572733021,1,-0.11156190873089145,1.177690029615005,1193.0,1013.0,bear,-0.5926513573984806,SELL
BUY,2026-08-07 12:59:00,109.32211432330624,2026-08-07 13:03:00,108.43987820424157,-0.8822361190646717,0,0.011607067832599682,0.9512744683847345,1351.0,1420.2,sideways,0.11754879364858084,BUY
BUY,2026-08-07 14:40:00,109.96015289571423,2026-08-07 17:09:00,110.2430078295246,0.28285493381036986,1,0.008309974810401854,0.38137153800824986,1035.5,2715.2,bull,0.5862011342907323,BUY
BUY,2026-08-07 18:35:00,111.08880146340341,2026-08-07 18:39:00,110.06790305352143,-1.0208984098819798,0,0.003263063512122244,1.324398896334253,2016.0,1522.2,sideways,-0.5536678863347078,BUY
BUY,2026-08-07 19:00:00,111.69135044114547,2026-08-07 19:16:00,110.18107218511527,-1.5102782560302046,0,0.021204487376934367,1.0959789125491006,2120.5,1934.8,sideways,0.8546563028666725,BUY
BUY,2026-08-07 19:18:00,110.8674171589048,2026-08-07 19:19:00,110.39318510416685,-0.4742320547379535,0,0.003533332536136413,0.8465778594395957,1843.0,2177.0,bull,0.3380183934812351,BUY
BUY,2026-08-07 19:23:00,110.9904002748133,2026-08-07 22:25:00,114.01056571241092,3.020165437597626,1,0.01951335336723048,1.3728265264860493,1358.0,989.2,bull,0.23247445826618218,BUY
SELL,2026-08-07 11:52:00,102.92579969193179,2026-08-07 15:07:00,100.61551793469279,2.3102817572389966,1,-0.0044098542296922005,0.7042840473412235,845.0,1199.8,bear,0.10891859893050082,SELL
SELL,2026-08-07 16:44:00,96.1349249426903,2026-08-07 20:18:00,94.82658172912313,1.30834321356717,1,-0.027461532970164626,1.0921599541350149,1524.0,1395.4,bear,-0.24872244949460764,SELL
SELL,2026-08-07 22:03:00,92.48029588086467,2026-08-07 23:46:00,94.36127664662767,-1.8809807657629989,0,-0.0495565406118601,1.0102139489906927,1671.5,1654.6,bear,-0.22577505948127907,SELL
SELL,2026-08-07 09:20:00,99.82574366855549,2026-08-07 09:21:00,100.31407999630044,-0.4883363277449462,0,-0.004814150882936019,1.0048088340061743,1692.5,1684.4,bull,-0.46031682031134835,SELL
SELL,2026-08-07 12:04:00,101.40310039865722,2026-08-07 15:19:00,100.28844197652442,1.1146584221327913,1,-0.09845101373595355,1.1179257528556594,1722.5,1540.8,bear,0.08042600017658685,SELL
SELL,2026-08-07 16:42:00,98.45659834661122,2026-08-07 19:36:00,97.73100800045088,0.725590346160331,1,-0.05428593995452502,1.1964362387290683,2786.5,2329.0,bear,-0.24396801520578038,SELL
SELL,2026-08-07 22:20:00,99.72102535021381,2026-08-07 23:07:00,104.21623012190601,-4.495204771692201,0,-0.043588619743118784,0.9083564173591875,1574.0,1732.8,bear,-0.10077215873501189,SELL
BUY,2026-08-07 15:11:00,95.6798594575358,2026-08-07 16:56:00,94.24690357376947,-1.4329558837663257,0,0.02228288906491116,0.46788368526601387,1586.5,3390.8,bull,-0.014515530548436573,BUY
BUY,2026-08-07 20:07:00,91.8728999787953,2026-08-07 21:53:00,89.63730006237273,-2.235599916422572,0,0.026214651737987538,0.9414392658778072,3898.5,4141.0,bull,0.1762070285527244,BUY
BUY,2026-08-07 09:37:00,100.97229509868828,2026-08-07 12:15:00,102.56595874248266,1.593663643794386,1,0.01918799554911743,1.1317408991342441,2170.0,1917.4,bull,0.21738417267597754,BUY
BUY,2026-08-07 14:47:00,106.64980196966266,2026-08-07 16:38:00,103.00498937244589,-3.64481259721677,0,0.076905256500865,1.0206220135803503,2435.0,2385.8,bull,-0.19635210965773808,BUY
BUY,2026-08-07 19:37:00,103.32165917781316,2026-08-07 21:41:00,101.92803356339168,-1.393625614421481,0,0.0083488144368431,1.162193698949825,1992.0,1714.0,bull,0.6419777072199935,BUY
SELL,2026-08-07 12:12:00,102.73873249114874,2026-08-07 14:11:00,103.7810587321296,-1.0423262409808558,0,-0.04503324803768294,1.092256680319875,2240.0,2050.8,bear,-0.11909214476077068,SELL
SELL,2026-08-07 17:35:00,108.89770554049862,2026-08-07 19:32:00,110.01839410706147,-1.1206885665628477,0,-0.017939723649234907,0.708969839404622,1086.0,1531.8,sideways,0.35862759698832747,SELL
SELL,2026-08-07 22:26:00,113.37736041063484,2026-08-07 23:14:00,118.03555078702351,-4.658190376388674,0,-0.019874249874391126,0.6926683716965046,812.5,1173.0,bear,-0.4152441459995657,SELL
SELL,2026-08-07 11:49:00,100.138202487219,2026-08-07 14:15:00,102.63626136704512,-2.498058879826118,0,-0.09748532550649713,1.1104191090269637,1515.5,1364.8,bear,0.112775378437874,SELL
SELL,2026-08-07 17:39:00,106.66398895426371,2026-08-07 17:48:00,109.34346208029497,-2.6794731260312545,0,-0.014956433614074172,0.9295123098635721,1185.5,1275.4,sideways,-0.08527478025942514,SELL
SELL,2026-08-07 18:10:00,106.86296152670037,2026-08-07 18:33:00,109.32296672840607,-2.460005201705698,0,-0.01774475029698408,1.3279665314401623,2095.0,1577.6,sideways,0.509895965790804,SELL
SELL,2026-08-07 22:04:00,111.19438868441956,2026-08-07 23:52:00,114.02091537772816,-2.826526693308594,0,-0.11657214193451182,0.9738306512257483,1295.0,1329.8,bear,-0.29197564140527277,SELL
BUY,2026-08-07 13:52:00,102.58855462059157,2026-08-07 17:46:00,107.1172096582094,4.528655037617838,1,0.012317763002300808,1.0745009374655343,1948.5,1813.4,sideways,0.7856518621576072,BUY
BUY,2026-08-07 19:31:00,111.08999749023789,2026-08-07 22:31:00,114.1442951216728,3.054297631434906,1,0.07927533388020436,1.0811269517990496,955.5,883.8,bull,1.1228119046025142,BUY
BUY,2026-08-07 14:24:00,103.16591446470689,2026-08-07 17:44:00,107.22301952718749,4.057105062480602,1,0.0012093300087485659,1.5221280946469,4168.5,2738.6,bull,0.8436791846373666,BUY
BUY,2026-08-07 19:37:00,111.39135910684136,2026-08-07 22:45:00,111.91078612215819,0.5194270153168219,1,0.10194856449416534,1.06184414243936,1234.5,1162.6,bull,0.4039596812050803,BUY
BUY,2026-08-07 14:25:00,104.1954497061603,2026-08-07 17:40:00,107.06319366517647,2.867743959016167,1,0.10987160794633155,1.1331626120358516,1593.0,1405.8,bull,-0.0880097498501442,BUY
BUY,2026-08-07 20:07:00,108.50729467690732,2026-08-07 21:45:00,104.93726684306864,-3.5700278338386795,0,0.02298687452882575,1.1043197840107994,1472.5,1333.4,bull,0.3204002578557805,BUY
SELL,2026-08-07 11:56:00,100.60121315773995,2026-08-07 14:30:00,101.57221190014155,-0.9709987424016049,0,-0.10544574312116595,0.5102665536403881,1083.5,2123.4,bear,-0.07991992069283071,SELL
SELL,2026-08-07 17:26:00,104.71779419721803,2026-08-07 17:51:00,107.22470816084599,-2.506913963627966,0,-0.0471043434714602,1.3718634306869602,2001.0,1458.6,bear,0.7436835472173442,SELL
SELL,2026-08-07 17:54:00,105.20483005053295,2026-08-07 19:14:00,106.62150213542756,-1.4166720848946142,0,-0.008541926977443381,0.9362003780718336,1981.0,2116.0,sideways,-0.5474316341092162,SELL
SELL,2026-08-07 22:21:00,112.13377256646746,2026-08-07 22:59:00,115.22770901157458,-3.0939364451071185,0,-0.014453875725621401,1.7941646102482218,4944.0,2755.6,bear,-0.4127832307957391,SELL
SELL,2026-08-07 12:08:00,102.98326683355484,2026-08-07 12:56:00,105.70495909112782,-2.7216922575729825,0,-0.012124021317475808,0.8268770249330892,1174.0,1419.8,bear,-0.00579806927818538,SELL
SELL,2026-08-07 16:55:00,108.30320665980715,2026-08-07 19:42:00,110.02709993880067,-1.723893278993529,0,-0.07486769993448661,0.6333391471178164,1452.5,2293.4,bear,-0.21230025235041694,SELL
SELL,2026-08-07 22:31:00,110.79800348485745,2026-08-07 22:54:00,114.10547982042513,-3.307476335567685,0,-0.014545383632736275,1.3659125721691998,2318.5,1697.4,bear,0.9217041052522887,SELL
SELL,2026-08-07 12:24:00,103.38232223647634,2026-08-07 14:39:00,107.09366566527684,-3.711343428800504,0,-0.013533776321295932,1.6923816691754474,4047.5,2391.6,bear,-0.4185076335614326,SELL
SELL,2026-08-07 17:24:00,108.52282597300707,2026-08-07 19:43:00,110.38917889762506,-1.8663529246179849,0,-0.04592421965799076,1.050038827412153,2163.5,2060.4,bear,-0.15181694082927777,SELL
SELL,2026-08-07 21:59:00,111.18886255164891,2026-08-07 23:33:00,113.40169034678685,-2.2128277951379403,0,-0.04427982041812584,1.0721591658967928,3249.5,3030.8,bear,-0.019914876968542217,SELL
BUY,2026-08-07 14:25:00,105.92697438374574,2026-08-07 16:25:00,102.53643701470372,-3.390537369042022,0,0.08896779089022289,1.065142529175435,1113.5,1045.4,bull,0.7759637565517181,BUY
BUY,2026-08-07 20:05:00,101.26365607449178,2026-08-07 22:12:00,100.24442619535667,-1.0192298791351107,0,0.022970527926332807,0.7409979698685757,1387.0,1871.8,bull,0.3708100880894989,BUY
BUY,2026-08-07 13:23:00,111.22170762844942,2026-08-07 17:01:00,116.56199608242598,5.340288453976555,1,0.07435481352013085,0.9311931692171214,1679.5,1803.6,sideways,0.05442596840170211,BUY
BUY,2026-08-07 19:10:00,118.9652463875077,2026-08-07 22:20:00,121.55175666748399,2.586510279976281,1,0.0891675546698707,0.6304728546409808,1512.0,2398.2,sideways,-0.4024852753786661,BUY
BUY,2026-08-07 13:26:00,106.15535201731961,2026-08-07 13:39:00,101.86957134146911,-4.2857806758505035,0,0.051248335188375904,0.8630402659770965,934.5,1082.8,sideways,0.07662950656526846,BUY
BUY,2026-08-07 14:52:00,106.39978861165537,2026-08-07 18:06:00,109.76060787862966,3.360819266974289,1,0.09256133811965128,1.4426325363825363,2220.5,1539.2,bull,0.2882475793881696,BUY
BUY,2026-08-07 20:05:00,112.3412559941038,2026-08-07 21:41:00,108.79268888411814,-3.548567109985669,0,0.03071557231777433,1.24556990968332,2179.0,1749.4,bull,0.3100185811242824,BUY
BUY,2026-08-07 13:56:00,100.55285317129768,2026-08-07 18:01:00,105.54204938681717,4.989196215519485,1,0.009736702097953298,0.6810434267081665,919.0,1349.4,sideways,0.059618227433176685,BUY
BUY,2026-08-07 18:07:00,107.33938888788133,2026-08-07 18:38:00,105.36198460725348,-1.9774042806278516,0,0.01985619913688197,0.8551806322127445,1363.5,1594.4,sideways,0.05678310438744916,BUY
BUY,2026-08-07 18:56:00,108.0758529614861,2026-08-07 22:18:00,113.9863156486045,5.910462687118397,1,0.0077773227773718645,0.8395894428152493,1431.5,1705.0,sideways,-0.21640239161426678,BUY
SELL,2026-08-07 11:50:00,102.37332868609613,2026-08-07 14:29:00,102.334763764266,0.038564921830129606,1,-0.03709785314438818,0.8691714385882903,1487.5,1711.4,bear,0.514660455481291,SELL
SELL,2026-08-07 16:52:00,102.99358900888947,2026-08-07 18:19:00,106.06814647327886,-3.074557464389386,0,-0.039652972539371945,1.0763565168748837,1154.5,1072.6,bear,0.11512051195742856,SELL
SELL,2026-08-07 18:52:00,101.26734277454496,2026-08-07 19:31:00,104.78272287301435,-3.515380098469393,0,-0.020100200335932072,0.9718677172344912,1751.5,1802.2,sideways,0.1761278864573228,SELL
SELL,2026-08-07 22:12:00,105.32786341357806,2026-08-07 23:20:00,110.35815229512069,-5.030288881542631,0,-0.06808234375351674,0.709703100121757,1515.5,2135.4,bear,-0.007397915211356576,SELL
SELL,2026-08-07 11:59:00,102.60566500260292,2026-08-07 15:01:00,100.2215290297983,2.3841359728046143,1,-0.06805289759601862,0.9055141403384215,1530.5,1690.2,bear,-0.02714272439821741,SELL
SELL,2026-08-07 17:18:00,100.78621300918192,2026-08-07 19:11:00,103.02393530756525,-2.237722298383332,0,-0.026130626490910913,0.7853759322717194,1558.5,1984.4,bear,0.022327050383552205,SELL
SELL,2026-08-07 22:18:00,105.75049644610264,2026-08-07 23:32:00,108.63844571129866,-2.8879492651960135,0,-0.03951361622345928,1.1077313661621,2312.5,2087.6,bear,-0.05493238421988167,SELL
BUY,2026-08-07 09:47:00,101.42252139512703,2026-08-07 11:59:00,99.34735907018148,-2.075162324945552,0,0.013401681763710371,0.7553490990990991,1341.5,1776.0,bull,0.14678969313162327,BUY
BUY,2026-08-07 14:58:00,99.18541065115977,2026-08-07 16:57:00,96.6877735154485,-2.4976371357112725,0,0.099728161662469,0.8307453416149069,1444.5,1738.8,bull,-0.11838094698141788,BUY
BUY,2026-08-07 21:07:00,95.19700854273671,2026-08-07 21:09:00,94.77378228867083,-0.4232262540658809,0,0.006935107675047902,0.7226615149609129,1608.5,2225.8,bear,0.07328076259945249,BUY
BUY,2026-08-07 14:50:00,103.44029206912137,2026-08-07 17:08:00,100.18836581538761,-3.2519262537337568,0,0.08401251475922322,0.7330429634641407,1733.5,2364.8,bull,0.43432371662711944,BUY
BUY,2026-08-07 19:43:00,101.50902179479807,2026-08-07 21:36:00,97.90907056999936,-3.5999512247987155,0,0.025851532476920625,1.3222382751722606,2379.5,1799.6,bull,0.06513212198341023,BUY
BUY,2026-08-07 13:37:00,109.25856420565194,2026-08-07 14:19:00,106.50641111178575,-2.752153093866184,0,0.05969518330154244,1.0258339603712066,2454.0,2392.2,sideways,0.40624285908708657,BUY
BUY,2026-08-07 14:54:00,108.08523817560354,2026-08-07 16:57:00,107.23150013280434,-0.8537380427991934,0,0.026168703521591397,0.6894409937888198,777.0,1127.0,bull,0.3014940736959204,BUY
BUY,2026-08-07 19:36:00,106.68997305127836,2026-08-07 21:51:00,105.56251055231269,-1.12746249896567,0,0.03136386146289283,0.6478185993111366,1128.5,1742.0,bull,0.9567912610608857,BUY
SELL,2026-08-07 14:02:00,108.18852580218469,2026-08-07 14:50:00,111.88503397406639,-3.696508171881703,0,-0.03893331198209182,0.8179364127174565,1363.5,1667.0,sideways,-0.2857051330385332,SELL
SELL,2026-08-07 16:48:00,109.35443117210673,2026-08-07 20:03:00,106.69548648301873,2.6589446890880026,1,-0.007779016351875612,0.5371008034568902,1591.0,2962.2,bear,-0.3406954018481372,SELL
SELL,2026-08-07 22:04:00,106.28424431612886,2026-08-07 23:50:00,108.95151523037184,-2.6672709142429767,0,-0.056794778167827076,1.56,2925.0,1875.0,bear,-0.7242434165425493,SELL
BUY,2026-08-07 14:45:00,107.16129710450691,2026-08-07 17:02:00,104.13094741729755,-3.030349687209366,0,0.0177429400629876,1.1252478519497686,2043.0,1815.6,bull,0.6163337773102597,BUY
BUY,2026-08-07 19:21:00,106.84928755393285,2026-08-07 21:50:00,106.71537205640989,-0.13391549752296328,0,0.02429537515838831,1.6410962002412544,4353.5,2652.8,bull,0.19138081182420308,BUY
BUY,2026-08-07 09:54:00,101.29192570797683,2026-08-07 12:13:00,101.5233464746312,0.23142076665436662,1,0.03795356637284897,0.97532281205165,3399.0,3485.0,bull,0.06908516296624612,BUY
BUY,2026-08-07 13:48:00,104.14527652066666,2026-08-07 17:02:00,107.60445142564704,3.4591749049803866,1,0.021036456692428374,0.5174838286303552,1104.0,2133.4,sideways,-0.4281484902271586,BUY
BUY,2026-08-07 19:12:00,108.80453347089104,2026-08-07 21:55:00,108.16705984293037,-0.6374736279606736,0,0.06355630469496987,0.9827191338746617,1888.0,1921.2,sideways,0.036506262198670925,BUY
SELL,2026-08-07 12:02:00,101.29622673663202,2026-08-07 14:54:00,99.91716260850593,1.379064128126089,1,-0.02668390030899559,0.6879101763264015,1740.0,2529.4,bear,-0.3240403778101637,SELL
SELL,2026-08-07 17:05:00,99.45955775543837,2026-08-07 19:13:00,101.79896887169761,-2.3394111162592424,0,-0.035007014595137775,1.0045286125977768,1464.0,1457.4,bear,-0.7788365130610515,SELL
SELL,2026-08-07 22:10:00,103.8491391234944,2026-08-08 00:01:00,106.97784130920249,-3.128702185708093,0,-0.12907327853726258,1.2862531433361275,1534.5,1193.0,bear,-0.5052696186962038,SELL
BUY,2026-08-07 13:45:00,104.31345476829556,2026-08-07 17:58:00,112.51798677608352,8.20453200778796,1,0.017294622175313634,0.6849645846748229,1276.5,1863.6,sideways,0.4945190652427982,BUY
BUY,2026-08-07 18:31:00,114.98232071030132,2026-08-07 21:56:00,116.42959481238428,1.4472741020829574,1,0.01881161317865576,0.9745622728774365,1180.0,1210.8,sideways,-0.3232877849586231,BUY
BUY,2026-08-07 14:59:00,102.87898119465599,2026-08-07 17:04:00,103.02455665610506,0.14557546144907008,1,0.06103675943778342,1.1086881671066224,1932.0,1742.6,bull,0.023473386552822717,BUY
BUY,2026-08-07 19:24:00,104.95850965368415,2026-08-07 21:36:00,101.01015738575272,-3.9483522679314262,0,0.08727036401805321,0.7956656346749226,1285.0,1615.0,bull,-0.23652402348130863,BUY
BUY,2026-08-07 13:11:00,110.31113915867219,2026-08-07 17:36:00,119.1804677570753,8.869328598403115,1,0.030851531886128214,1.0046442788608758,1968.5,1959.4,sideways,0.7674016190706681,BUY
BUY,2026-08-07 19:21:00,123.18762657025546,2026-08-07 22:13:00,126.33311076967203,3.145484199416572,1,0.039056338377349675,0.8136655011655012,1117.0,1372.8,bull,-0.3770420815974518,BUY
BUY,2026-08-07 14:39:00,105.11146809619915,2026-08-07 17:11:00,105.27880548178645,0.16733738558730238,1,0.09714037618509508,1.1473895582329317,1428.5,1245.0,bull,0.389600115461576,BUY
BUY,2026-08-07 19:50:00,104.9064341392637,2026-08-07 21:49:00,100.79107763447372,-4.115356504789972,0,0.11883270843539151,0.7179236546969853,1395.5,1943.8,bull,-0.16082794492339758,BUY
BUY,2026-08-07 15:10:00,99.25834543586777,2026-08-07 16:41:00,96.6951594191563,-2.5631860167114695,0,0.08858694624186114,0.8408071748878924,1425.0,1694.8,bull,0.48482441302869006,BUY
BUY,2026-08-07 18:31:00,100.11448575703538,2026-08-07 21:54:00,98.95926507002302,-1.1552206870123598,0,0.16207845439164714,1.2613748492489858,2301.0,1824.2,sideways,-0.17962856950539674,BUY
SELL,2026-08-07 12:07:00,105.01237526197602,2026-08-07 15:14:00,105.86348948387713,-0.8511142219011134,0,-0.027904834927767297,0.3725276567214214,1333.5,3579.6,bear,0.5448426213938831,SELL
SELL,2026-08-07 17:04:00,103.33640617621677,2026-08-07 19:31:00,103.52946786944857,-0.19306169323179745,0,-0.0611693405560203,1.1187247547605308,1551.0,1386.4,bear,-0.5002572651305712,SELL
SELL,2026-08-07 21:54:00,102.71197590729206,2026-08-08 00:01:00,104.93535164558585,-2.2233757382937966,0,-0.06678430928229773,1.2676780663409617,1972.0,1555.6,bear,-0.20161142544175448,SELL
BUY,2026-08-07 14:33:00,98.42163307386005,2026-08-07 16:57:00,99.97204748619494,1.550414412334888,1,0.021250740655531786,0.8471813882142402,1325.5,1564.6,bull,-0.30091356176600925,BUY
BUY,2026-08-07 20:12:00,100.23085339910406,2026-08-07 21:50:00,96.5141016631297,-3.71675173597437,0,0.023079401453031778,0.8925305327747949,3025.5,3389.8,bull,0.08299384435798629,BUY
BUY,2026-08-07 09:34:00,101.28238175100523,2026-08-07 13:41:00,106.21310378301017,4.930722032004937,1,0.0278959529363334,0.6960110041265475,1518.0,2181.0,bull,0.4477845140715857,BUY
BUY,2026-08-07 14:46:00,108.49758276810768,2026-08-07 17:02:00,108.84967967587347,0.35209690776579805,1,0.04272279946948743,1.1649946947043504,2415.5,2073.4,bull,0.13327179475049888,BUY
BUY,2026-08-07 20:01:00,107.93787411473997,2026-08-07 21:48:00,102.42648284785461,-5.511391266885354,0,0.09572324506373775,0.9521497919556172,1373.0,1442.0,bull,0.6777732134525678,BUY
BUY,2026-08-07 13:47:00,105.02971689830369,2026-08-07 17:02:00,105.9972034562531,0.9674865579494139,1,0.12960748804422906,0.3468208092485549,696.0,2006.8,sideways,-0.2655083406663721,BUY
BUY,2026-08-07 19:08:00,106.60917450408873,2026-08-07 21:49:00,106.34511834150534,-0.2640561625833868,0,0.03833471187409998,0.9906307129798904,1300.5,1312.8,sideways,-0.26431917281475137,BUY
BUY,2026-08-07 14:57:00,97.31551469287912,2026-08-07 17:14:00,96.13038410536961,-1.185130587509505,0,0.04764917594796714,1.264256145982935,2993.0,2367.4,bull,0.7382611426070724,BUY
BUY,2026-08-07 18:56:00,97.29744352578447,2026-08-07 19:14:00,95.10923315161224,-2.188210374172229,0,0.024538146995226384,0.4919769223834851,1091.5,2218.6,sideways,0.4217300836003659,BUY
BUY,2026-08-07 19:32:00,97.84816742899451,2026-08-07 22:16:00,101.00802675275973,3.159859323765218,1,0.03875875587014832,0.7977341607735604,1105.5,1385.8,bull,0.5637716551285479,BUY
SELL,2026-08-07 12:10:00,102.45339524552789,2026-08-07 15:22:00,101.5247258675367,0.9286693779911843,1,-0.08519104395359989,0.47021298487498714,914.0,1943.8,bear,0.49647599020070743,SELL
SELL,2026-08-07 16:50:00,97.95592208971337,2026-08-07 18:24:00,100.55159626623315,-2.595674176519779,0,-0.04127527073548265,1.0379164594728991,4174.5,4022.0,bear,-0.45315357239513787,SELL
SELL,2026-08-07 18:53:00,99.34182241822637,2026-08-07 18:56:00,101.04496661244909,-1.7031441942227161,0,-0.013747898785240409,1.0933867217773185,1693.0,1548.4,sideways,-0.24026606204243706,SELL
SELL,2026-08-07 21:58:00,102.23188923917641,2026-08-07 23:24:00,106.82711789808761,-4.595228658911196,0,-0.04996740453961479,0.7267406038200862,1179.5,1623.0,bear,-0.1851990677501476,SELL
BUY,2026-08-07 14:40:00,109.74564764015462,2026-08-07 17:20:00,109.69724180648089,-0.048405833673726306,0,0.15152170878739923,0.5474367896079796,944.0,1724.4,bull,0.5476286831664368,BUY
BUY,2026-08-07 15:03:00,107.96209637422625,2026-08-07 17:05:00,105.02694291891947,-2.935153455306775,0,0.05544829641769411,0.6892797319932998,1234.5,1791.0,bull,0.5383259168153813,BUY
BUY,2026-08-07 19:19:00,106.65275650488343,2026-08-07 22:17:00,108.00288242656946,1.350125921686029,1,0.0010700386408188933,1.3567340709652804,3556.0,2621.0,bull,-0.15411251149436112,BUY
BUY,2026-08-07 14:53:00,100.28239565590415,2026-08-07 17:02:00,100.13230119672964,-0.15009445917451103,0,0.05619827080310813,0.8453237410071942,1269.0,1501.2,bull,-0.3049171454402284,BUY
BUY,2026-08-07 17:45:00,101.64873670539544,2026-08-07 22:15:00,106.17767961944432,4.5289429140488835,1,0.012802673826612931,0.6175538874733145,1793.5,2904.2,sideways,-0.2045050266675048,BUY
BUY,2026-08-07 14:48:00,98.62011301127075,2026-08-07 18:15:00,101.23986746765249,2.6197544563817416,1,0.024587922246297467,1.3953249245955581,2035.5,1458.8,bull,0.011124723671287029,BUY
BUY,2026-08-07 19:34:00,105.06627618792604,2026-08-07 21:45:00,101.86301422297043,-3.203261964955601,0,0.07481757369124864,0.976508521418701,1696.0,1736.8,bull,0.24376998813562523,BUY
SELL,2026-08-07 12:13:00,105.00388806934468,2026-08-07 13:57:00,105.81801503001589,-0.8141269606712029,0,-0.05377507575872187,1.1712285168682368,1472.0,1256.8,bear,0.3822774962829527,SELL
SELL,2026-08-07 14:01:00,104.72722447101488,2026-08-07 14:57:00,107.20314889798658,-2.4759244269717016,0,-0.017345608483921637,0.8063646170442287,897.0,1112.4,sideways,-0.1310202800577116,SELL
SELL,2026-08-07 16:42:00,103.84953171632449,2026-08-07 19:21:00,105.62767119894924,-1.778139482624752,0,-0.0023098234645857474,0.7851511169513798,3226.5,4109.4,bear,0.10508113225097304,SELL
SELL,2026-08-07 22:08:00,107.44020264414507,2026-08-07 23:25:00,111.07174038523553,-3.6315377410904546,0,-0.053185109699569466,1.2629278951201748,1734.0,1373.0,bear,0.20907920167461214,SELL
BUY,2026-08-07 09:36:00,100.92024719678837,2026-08-07 12:28:00,103.92038643049965,3.0001392337112804,1,0.01140512302180241,1.0791348067455744,2060.5,1909.4,bull,0.22978446453429058,BUY
BUY,2026-08-07 15:04:00,102.88649630021753,2026-08-07 17:13:00,103.27084787088732,0.38435157066979286,1,0.03424699590864577,0.3353883443987775,636.5,1897.8,bull,0.5325451235546552,BUY
BUY,2026-08-07 18:07:00,106.1859286468871,2026-08-07 22:16:00,110.35295002443061,4.167021377543506,1,0.017856136773048092,1.6929624247456925,6524.0,3853.6,sideways,0.7651725383723971,BUY
BUY,2026-08-07 09:21:00,100.26382344376097,2026-08-07 09:22:00,99.6896919124126,-0.574131531348371,0,0.00022502058499185296,0.6439890384844513,1081.0,1678.6,bull,0.14039444940021895,BUY
BUY,2026-08-07 09:27:00,100.70822461389287,2026-08-07 11:53:00,101.05283151204009,0.34460689814721945,1,0.005529174567101336,1.1355249916135526,2031.0,1788.6,bull,0.45400065581645777,BUY
BUY,2026-08-07 15:43:00,100.7259844490037,2026-08-07 17:00:00,96.3384120434447,-4.387572405558998,0,0.010634514037832332,0.7953819961693978,1495.0,1879.6,bull,0.7193172287834102,BUY
BUY,2026-08-07 19:48:00,98.10224176099906,2026-08-07 22:01:00,96.85806823033798,-1.2441735306610866,0,0.04329406077651754,1.1982196368764324,2719.0,2269.2,bull,0.5897112826967543,BUY
BUY,2026-08-07 14:57:00,105.84353143204206,2026-08-07 16:37:00,103.02201657896829,-2.821514853073765,0,0.000940609587374297,1.0585478233238004,1332.5,1258.8,bull,0.15859879538980692,BUY
BUY,2026-08-07 19:48:00,102.16343599548019,2026-08-07 21:52:00,99.42259701281108,-2.7408389826691035,0,0.04982721744634944,0.8574879227053139,1171.5,1366.2,bull,0.28481034713257714,BUY
BUY,2026-08-07 13:01:00,105.8405599080711,2026-08-07 17:04:00,107.71483004617053,1.8742701380994333,1,0.046482159907526466,0.84716796875,1735.0,2048.0,sideways,0.581893703737137,BUY
BUY,2026-08-07 19:38:00,110.08741805659692,2026-08-07 22:28:00,111.24683855818323,1.159420501586311,1,0.002883686130914498,1.1071695294996264,1186.0,1071.2,bull,0.4232876484089445,BUY
BUY,2026-08-07 14:26:00,103.09880004446319,2026-08-07 17:27:00,105.45464577873437,2.3558457342711847,1,0.005495767925012274,0.8502024291497976,1638.0,1926.6,bull,0.4727659978553902,BUY
BUY,2026-08-07 18:13:00,109.70199335884914,2026-08-07 18:39:00,107.8548935007229,-1.8470998581262421,0,0.032545347844674666,1.6142442973579127,5902.0,3656.2,sideways,0.33865418951076265,BUY
BUY,2026-08-07 19:48:00,111.6783392665998,2026-08-07 22:19:00,110.87530010888835,-0.8030391577114528,0,0.08120975359517502,0.896388083311363,1360.0,1517.2,bull,0.5065039736565069,BUY
BUY,2026-08-07 09:29:00,101.09270116616501,2026-08-07 12:20:00,103.29357057189344,2.200869405728426,1,0.01641935526866689,1.2475361366622864,2278.5,1826.4,bull,0.3205089702173467,BUY
BUY,2026-08-07 15:06:00,101.63618943481559,2026-08-07 16:47:00,97.54701867662043,-4.089170758195166,0,0.14766942529450944,1.3842247097844114,2671.0,1929.6,bull,0.5639281191222238,BUY
BUY,2026-08-07 20:27:00,94.82621418051316,2026-08-07 22:33:00,93.42336119070758,-1.4028529898055808,0,0.09700667941042695,0.9926952141057934,1970.5,1985.0,bull,0.2906765671223468,BUY
SELL,2026-08-07 12:03:00,102.65029018284623,2026-08-07 14:34:00,104.86041993668097,-2.2101297538347353,0,-0.004970758826743804,1.101468624833111,1980.0,1797.6,bear,-0.21035546128032934,SELL
SELL,2026-08-07 16:58:00,106.06686170174837,2026-08-07 19:02:00,105.51488356970583,0.5519781320425352,1,-0.0327553131995586,0.5714509068167605,731.0,1279.2,bear,0.41042426077025596,SELL
SELL,2026-08-07 19:13:00,103.58302684781063,2026-08-07 19:42:00,106.68563099881419,-3.102604151003561,0,-0.056872535658129664,1.008746011109798,1707.0,1692.2,sideways,0.019264227160732617,SELL
SELL,2026-08-07 21:33:00,105.52992634115999,2026-08-07 23:47:00,107.4116327974395,-1.8817064562795025,0,-0.006071028544198498,0.7920858037439211,2378.0,3002.2,bear,-0.5113222199384353,SELL
BUY,2026-08-07 15:06:00,106.43262665073999,2026-08-07 16:18:00,102.36815144222831,-4.064475208511681,0,0.009262700121809075,0.49084959398860745,810.0,1650.2,bull,0.6097188968779363,BUY
BUY,2026-08-07 19:33:00,102.20674469500543,2026-08-07 21:57:00,99.66063168577138,-2.5461130092340483,0,0.030369199911504552,0.4842006643386424,1137.0,2348.2,bull,0.3627769368985554,BUY
BUY,2026-08-07 15:09:00,106.10725361509134,2026-08-07 17:07:00,103.12348658693176,-2.9837670281595763,0,0.028375106348619283,0.699677878492771,1868.0,2669.8,bull,0.46612249912612924,BUY
BUY,2026-08-07 20:05:00,103.65290153197316,2026-08-07 21:59:00,102.12187899524716,-1.5310225367259989,0,0.014761498453609079,0.8680475421186244,1504.5,1733.2,bull,0.6800914869588297,BUY
BUY,2026-08-07 14:12:00,107.18627756074922,2026-08-07 16:48:00,107.36103298383568,0.17475542308646652,1,0.002767859263528294,1.061100010516353,2018.0,1901.8,sideways,0.6628714085941851,BUY
BUY,2026-08-07 20:13:00,104.00425709741081,2026-08-07 21:25:00,101.51228021868747,-2.4919768787233494,0,0.03625933329537645,1.2525082086829624,2746.5,2192.8,bull,-0.37795364924132,BUY
SELL,2026-08-07 12:34:00,105.1271408659021,2026-08-07 15:17:00,105.69157424867689,-0.5644333827747801,0,-0.041738621626265626,0.7564548346526596,2045.0,2703.4,bear,0.15879163127954143,SELL
SELL,2026-08-07 17:22:00,104.14190212181686,2026-08-07 18:52:00,108.147189144784,-4.0052870229671385,0,-0.019605845021942514,0.8969419696604863,1490.0,1661.2,bear,0.044036484988879465,SELL
SELL,2026-08-07 22:33:00,114.73176307909908,2026-08-07 23:01:00,118.98952977708059,-4.257766697981509,0,-0.014301130038901988,0.9800989894823675,950.5,969.8,bear,-0.33326267120817477,SELL
BUY,2026-08-07 13:33:00,103.48009202654855,2026-08-07 17:25:00,109.32158021577659,5.841488189228045,1,0.0406989436651628,0.6243472584856397,956.5,1532.0,sideways,-0.27989784262285866,BUY
BUY,2026-08-07 19:51:00,111.99430811933692,2026-08-07 22:04:00,112.02764348228796,0.03333536295103556,1,0.034863410228595626,1.2726058987741231,2097.0,1647.8,bull,0.8046088823452635,BUY
BUY,2026-08-07 15:21:00,106.57913036008901,2026-08-07 16:47:00,104.14743364024989,-2.431696719839124,0,0.007928204395014404,1.2929518185815692,4116.5,3183.8,bull,-0.5676655860599737,BUY
BUY,2026-08-07 20:30:00,100.22927411385741,2026-08-07 22:06:00,96.28740405270203,-3.9418700611553845,0,0.08948053033606129,0.6487109270638525,1942.5,2994.4,bull,0.3984684287478757,BUY
BUY,2026-08-07 15:22:00,107.4092184214957,2026-08-07 16:06:00,104.69336094693675,-2.7158574745589448,0,0.0027095080188388465,0.800859797531549,1155.0,1442.2,bull,-0.2524909485434961,BUY
SELL,2026-08-07 12:41:00,104.38533149685654,2026-08-07 14:23:00,105.89568081902367,-1.51034932216713,0,-0.03667822107482266,0.6763556070368494,1868.5,2762.6,sideways,0.6944674275797809,SELL
SELL,2026-08-07 17:27:00,107.54954519581356,2026-08-07 19:01:00,111.56065176382995,-4.0111065680163875,0,-0.10516878294777143,1.1614848417791548,2099.5,1807.6,bear,-0.718760279573118,SELL
SELL,2026-08-07 21:41:00,112.05875116821028,2026-08-07 23:48:00,115.65879410673229,-3.6000429385220087,0,-0.13370967878512374,1.41031993204983,1992.5,1412.8,bear,0.20359490901014965,SELL
BUY,2026-08-07 14:38:00,109.92865200420877,2026-08-07 17:13:00,109.05179261401474,-0.8768593901940278,0,0.09667073594728492,1.4420111042566317,3272.5,2269.4,bull,-0.1966584854468323,BUY
BUY,2026-08-07 19:52:00,109.71575589259272,2026-08-07 22:07:00,108.11891480381253,-1.5968410887801952,0,0.008855395315251258,1.2105572339711312,1442.5,1191.6,bull,0.0733421842109152,BUY
SELL,2026-08-07 12:06:00,100.91004954492132,2026-08-07 14:39:00,102.4895758942369,-1.5795263493155858,0,-0.03053768336476992,0.9310193321616872,2119.0,2276.0,bear,-0.2250915175999495,SELL
SELL,2026-08-07 17:09:00,103.14251161518031,2026-08-07 20:24:00,100.35435778412399,2.78815383105632,1,-0.04107100561594734,0.7349295407098121,1126.5,1532.8,bear,-0.1861103267009696,SELL
SELL,2026-08-07 21:58:00,98.400701988883,2026-08-07 23:32:00,101.3615449027473,-2.9608429138642975,0,-0.00715196296195586,0.8186016881669056,1028.0,1255.8,bear,-0.026603557865229277,SELL
BUY,2026-08-07 14:36:00,101.89400785370037,2026-08-07 17:34:00,104.0146057060742,2.120597852373834,1,0.06672144189560925,1.9684452871072589,7267.5,3692.0,bull,0.36695922679915327,BUY
BUY,2026-08-07 18:39:00,109.26226547506607,2026-08-07 22:00:00,110.30949430194293,1.0472288268768608,1,0.06329849844026114,1.59398532075112,3344.5,2098.2,sideways,0.0796273129511178,BUY
BUY,2026-08-07 15:20:00,97.00322086188788,2026-08-07 16:36:00,95.11781253473016,-1.8854083271577196,0,0.0019089659827074001,0.5433105576372053,986.0,1814.8,bull,-0.7389146863761766,BUY
BUY,2026-08-07 19:33:00,96.2624597870609,2026-08-07 21:46:00,93.79847336986758,-2.4639864171933255,0,0.05388108733150432,1.0949708765449637,1541.5,1407.8,bull,0.37516703426375386,BUY
SELL,2026-08-07 12:00:00,102.20422036335475,2026-08-07 15:07:00,101.78814400557397,0.41607635778078134,1,-0.08049769534957818,1.4335032353685426,7931.0,5532.6,bear,-0.2805029043420859,SELL
SELL,2026-08-07 16:51:00,100.73263162484703,2026-08-07 18:52:00,102.2184481952999,-1.4858165704528687,0,-0.06614107385654222,1.0275569687334394,1939.0,1887.0,bear,0.8295065832879658,SELL
SELL,2026-08-07 21:53:00,103.93981152241597,2026-08-07 23:24:00,107.41559407881752,-3.4757825564015548,0,-0.07895742090423141,0.8424550430023456,1293.0,1534.8,bear,-0.6291582597207537,SELL
SELL,2026-08-07 12:01:00,102.2547543811438,2026-08-07 15:05:00,102.53362305852957,-0.27886867738577337,0,-0.02645856458103424,0.9828092499694115,1606.5,1634.6,bear,0.017305011970094597,SELL
SELL,2026-08-07 16:46:00,100.477650939992,2026-08-07 19:43:00,99.1864943168741,1.2911566231178995,1,-0.0037097988643779445,0.6931842730611364,1283.5,1851.6,bear,0.3081236341931657,SELL
SELL,2026-08-07 22:05:00,97.7915733895172,2026-08-08 00:42:00,98.08621631722598,-0.29464292770877876,0,-0.023022584644294852,0.48956121726822366,1383.5,2826.0,bear,-0.16558009575824428,SELL
BUY,2026-08-07 14:54:00,102.44212279249874,2026-08-07 17:16:00,101.64553896867451,-0.7965838238242213,0,0.0193570647412713,1.4253277523298056,3609.5,2532.4,bull,-0.34445171817135645,BUY
BUY,2026-08-07 19:49:00,103.73740943424778,2026-08-07 21:38:00,100.95199642061154,-2.7854130136362443,0,0.07262663940075242,0.9667764142472313,1292.0,1336.4,bull,0.4787257461412082,BUY
BUY,2026-08-07 09:22:00,101.31426245131232,2026-08-07 12:55:00,105.4612773854709,4.147014934158577,1,0.05177165249223492,1.1346683963029025,1399.5,1233.4,bull,0.962034176623547,BUY
BUY,2026-08-07 14:57:00,108.21736288811442,2026-08-07 17:26:00,108.0775293306607,-0.13983355745372705,0,0.0041874292013375225,1.0630360205831904,1239.5,1166.0,bull,-0.08833465969227916,BUY
BUY,2026-08-07 20:07:00,106.1646795738511,2026-08-07 22:22:00,106.21039570047785,0.0457161266267434,1,0.0643854480387489,0.5721856904504858,1166.0,2037.8,bull,0.7895355102707811,BUY
BUY,2026-08-07 14:56:00,105.17512727942021,2026-08-07 17:03:00,105.394323673793,0.21919639437278704,1,0.07245685598405771,0.7835714285714286,1097.0,1400.0,bull,0.24868454763432624,BUY
BUY,2026-08-07 20:40:00,103.46733692967476,2026-08-07 21:37:00,101.36108359409498,-2.1062533355797797,0,0.0020088467303480684,0.8967672211258341,1908.5,2128.2,bull,0.279276846083917,BUY
BUY,2026-08-07 09:34:00,101.17914782029072,2026-08-07 11:40:00,102.50538851704046,1.3262406967497355,1,0.02588075343057028,1.1572753209700428,1298.0,1121.6,bull,0.3977780850620718,BUY
BUY,2026-08-07 15:46:00,94.93265046644247,2026-08-07 16:16:00,91.38822414386455,-3.5444263225779196,0,0.049411248923348694,0.9225417439703154,1989.0,2156.0,bull,0.46020918944053335,BUY
BUY,2026-08-07 19:38:00,89.52364624842389,2026-08-07 22:12:00,89.52444320471291,0.0007969562890224324,1,0.007659956485397856,0.8569894481277429,1835.5,2141.8,bull,0.06506828928782227,BUY
BUY,2026-08-07 13:20:00,107.32890301850559,2026-08-07 17:10:00,109.8184770108405,2.489573992334911,1,0.12555724447531702,0.752217264364017,2731.0,3630.6,sideways,0.9409488603823064,BUY
BUY,2026-08-07 19:25:00,112.5273571229861,2026-08-07 21:57:00,110.94262555684669,-1.5847315661394106,0,0.06416505631997893,1.0878249841471148,1715.5,1577.0,bull,-0.31962452768785,BUY
SELL,2026-08-07 11:41:00,100.77379603027707,2026-08-07 14:49:00,98.9023722209729,1.8714238093041757,1,-0.04673461358056841,0.733185798133359,1524.0,2078.6,bear,-0.23337555325456094,SELL
SELL,2026-08-07 16:56:00,97.15721934459285,2026-08-07 20:18:00,96.05054396964945,1.1066753749433929,1,-0.02667817451865062,1.1512922668301155,2254.0,1957.8,bear,0.14957493212357065,SELL
SELL,2026-08-07 22:34:00,95.10345188168071,2026-08-07 23:04:00,100.07546659936263,-4.972014717681915,0,-0.0760615658475956,1.8435444666857306,5157.5,2797.6,bear,0.19372786710587775,SELL
BUY,2026-08-07 14:48:00,104.42574600186816,2026-08-07 16:49:00,103.09330492283054,-1.332441079037622,0,0.04168551489144079,0.594653315699981,1888.5,3175.8,bull,0.8828471308503225,BUY
BUY,2026-08-07 19:54:00,101.45067716198122,2026-08-07 22:12:00,100.54817944300281,-0.9024977189784096,0,0.01960847039610769,1.2503262855651265,1916.0,1532.4,bull,-0.3601802145215629,BUY
BUY,2026-08-07 15:07:00,102.75812439574722,2026-08-07 16:36:00,97.94639641101361,-4.811727984733608,0,0.05376351830756221,0.7449265220433869,1064.5,1429.0,bull,0.6816354694937985,BUY
BUY,2026-08-07 19:25:00,95.5900658198536,2026-08-07 22:09:00,97.59128009003857,2.00121427018496,1,0.006723352736798915,0.6709253645156633,929.5,1385.4,bull,0.2335676990432205,BUY
BUY,2026-08-07 09:52:00,102.01187535602904,2026-08-07 12:25:00,102.2038042623011,0.19192890627206793,1,0.015976967030411515,0.3425386511315259,611.5,1785.2,bull,0.11322934404303453,BUY
SELL,2026-08-07 12:14:00,100.40602184574449,2026-08-07 15:04:00,100.33992419756903,0.06609764817545738,1,-0.1010548461546108,0.4030715005035247,800.5,1986.0,bear,0.04805908224513189,SELL
SELL,2026-08-07 17:23:00,99.90747669379226,2026-08-07 18:16:00,102.3220406780024,-2.414563984210133,0,-0.06024768430367544,1.3299440772750382,2616.0,1967.0,bear,-0.46257582754077475,SELL
SELL,2026-08-07 18:21:00,101.02912301613028,2026-08-07 19:24:00,103.22483135893529,-2.1957083428050055,0,-0.012993026554440235,0.6611099606543798,638.5,965.8,sideways,-0.4960855300044784,SELL
SELL,2026-08-07 21:44:00,104.81606757283758,2026-08-07 22:53:00,108.22268093962958,-3.4066133667920013,0,-0.011442178198507236,0.2490172194230663,899.5,3612.2,bear,0.16641150214601907,SELL
BUY,2026-08-07 14:59:00,99.19041198399968,2026-08-07 16:46:00,96.6848354651503,-2.505576518849381,0,0.030547748040802958,1.132730607966457,1729.0,1526.4,bull,-0.18800656428064144,BUY
BUY,2026-08-07 20:39:00,91.94613028810045,2026-08-07 21:48:00,87.29290164862832,-4.6532286394721325,0,0.10834544918402855,0.5230518667000752,1252.5,2394.6,bull,-0.24603557719207458,BUY
BUY,2026-08-07 15:23:00,94.65330891637757,2026-08-07 17:08:00,93.45576564871416,-1.1975432676634057,0,0.04163254272731365,0.41525103812759534,880.0,2119.2,bull,0.07652724261589583,BUY
BUY,2026-08-07 18:09:00,95.45236606665239,2026-08-07 21:50:00,96.51518905824602,1.0628229915936345,1,0.030419327604604973,0.6128094523630907,1307.0,2132.8,sideways,-0.7842808504101697,BUY
SELL,2026-08-07 12:01:00,100.79525670048876,2026-08-07 15:03:00,100.5112197271502,0.2840369733385586,1,-0.13980472585403447,0.7405143338954469,1756.5,2372.0,bear,-0.8819306818604105,SELL
SELL,2026-08-07 17:08:00,101.18527578652986,2026-08-07 20:37:00,98.73236251397857,2.452913272551285,1,-0.04271697769767968,1.7156937073540561,2263.0,1319.0,bear,-0.07486294120302261,SELL
SELL,2026-08-07 21:48:00,95.05777996599183,2026-08-08 00:20:00,95.38301396168627,-0.3252339956944468,0,-0.07787895885887508,1.2536656891495601,2052.0,1636.8,bear,0.33827361420638624,SELL
BUY,2026-08-07 15:13:00,105.86138260145215,2026-08-07 17:02:00,104.72849073871178,-1.1328918627403652,0,0.037188051340905304,0.9634076615208691,1685.0,1749.0,bull,0.001190495552094717,BUY
BUY,2026-08-07 20:00:00,104.21105318799876,2026-08-07 21:36:00,101.71595784546989,-2.49509534252887,0,0.04685397764821175,1.4267905711695377,3147.5,2206.0,bull,0.5582579252409374,BUY
BUY,2026-08-07 09:30:00,101.49667189321772,2026-08-07 11:52:00,102.41018005097897,0.9135081577612425,1,0.059234665355674565,0.7154882154882155,1912.5,2673.0,bull,1.0292271056315343,BUY
BUY,2026-08-07 15:27:00,102.93851757506906,2026-08-07 17:24:00,99.2892114656905,-3.649306109378557,0,0.0759968369327737,1.1395705521472392,1857.5,1630.0,bull,0.2125496794524082,BUY
BUY,2026-08-07 19:54:00,100.73205311978693,2026-08-07 22:12:00,99.13151464916727,-1.6005384706196537,0,0.040670544861569624,0.6866632003119719,2113.0,3077.2,bull,-0.27260496562887226,BUY
BUY,2026-08-07 13:08:00,108.79661626963279,2026-08-07 14:09:00,105.93709742567357,-2.859518843959222,0,0.008540562281581288,0.5892687559354226,620.5,1053.0,sideways,0.7439549371764542,BUY
BUY,2026-08-07 14:17:00,107.58807224526126,2026-08-07 17:07:00,110.96614501276765,3.3780727675063957,1,0.01110200284659868,1.1393337918836592,2319.0,2035.4,bull,0.2725446344662146,BUY
BUY,2026-08-07 20:03:00,112.31052318274826,2026-08-07 22:06:00,109.31069243824888,-2.999830744499377,0,0.08917590597603464,1.4670234534865416,5592.0,3811.8,bull,-0.423719647063308,BUY
SELL,2026-08-07 12:13:00,101.23889991158036,2026-08-07 13:39:00,105.56251089985646,-4.323610988276101,0,-0.12947491638382758,1.2550410235015992,1805.0,1438.2,bear,-0.3042034441993593,SELL
SELL,2026-08-07 17:19:00,107.80002226216558,2026-08-07 20:11:00,107.07300249866068,0.7270197635048987,1,-0.01926365485211079,0.6042520129961859,855.5,1415.8,bear,-0.3717387536657526,SELL
SELL,2026-08-07 21:47:00,104.70536719337858,2026-08-08 00:20:00,107.3600972694984,-2.6547300761198187,0,-0.03425296768699582,1.566625729198649,3061.5,1954.2,bear,0.2650860702323996,SELL
SELL,2026-08-07 11:56:00,102.71300893903164,2026-08-07 15:01:00,100.84976574456638,1.8632431944652552,1,-0.0466684078242281,0.493298105425957,765.5,1551.8,bear,0.022305717989070217,SELL
SELL,2026-08-07 17:23:00,100.67812436619103,2026-08-07 20:19:00,99.09869049638218,1.5794338698088524,1,-0.019125826552951253,0.7161089052750992,1010.0,1410.4,bear,0.0935982971216589,SELL
SELL,2026-08-07 21:38:00,96.77300105451614,2026-08-08 01:06:00,95.16849169023249,1.6045093642836576,1,-0.012007866186422689,0.797946263125386,1033.5,1295.2,bear,-0.3209403216291804,SELL
BUY,2026-08-07 14:35:00,99.99570981893093,2026-08-07 16:57:00,98.73386537367708,-1.2618444452538569,0,0.07097074906340595,0.9557123737680984,3142.0,3287.6,bull,0.3128261946227724,BUY
BUY,2026-08-07 19:22:00,101.81116183497349,2026-08-07 22:04:00,103.49542099378912,1.6842591588156353,1,0.0663398526957053,1.0270837820374756,3815.0,3714.4,bull,0.3331493559932568,BUY
BUY,2026-08-07 09:24:00,101.009358883227,2026-08-07 11:29:00,100.36295895997822,-0.6463999232487794,0,0.00996723868196625,1.021823472356935,1053.5,1031.0,bull,0.44645123401261344,BUY
BUY,2026-08-07 14:53:00,93.13963118160983,2026-08-07 16:36:00,91.18944586049794,-1.9501853211118885,0,0.03880128953646533,0.7896405919661733,1120.5,1419.0,bull,-0.05545728495501123,BUY
BUY,2026-08-07 19:47:00,89.4779104511094,2026-08-07 22:12:00,87.99709194726404,-1.4808185038453558,0,0.06848096218760702,0.7503174419946901,1300.0,1732.6,bull,0.3641055119553016,BUY
SELL,2026-08-07 12:01:00,100.9762072765691,2026-08-07 14:56:00,100.90575141499208,0.07045586157701678,1,-0.07966954356712108,1.1043127004871094,1859.0,1683.4,bear,-0.5476592606438402,SELL
SELL,2026-08-07 16:26:00,97.84035824972966,2026-08-07 18:22:00,101.90917230526706,-4.068814055537402,0,-0.04198093946057213,0.72734579063693,1448.0,1990.8,bear,0.09716935930208592,SELL
SELL,2026-08-07 22:04:00,104.17613833745474,2026-08-07 23:31:00,109.57908582457584,-5.4029474871210965,0,-0.05848063831943762,1.1394319040933147,2110.0,1851.8,bear,-0.08333838963865503,SELL
SELL,2026-08-07 11:28:00,100.49440000060318,2026-08-07 13:38:00,101.50347333856433,-1.009073337961155,0,-0.018733785560485217,0.8301634833279379,2051.5,2471.2,bear,0.18996428188935965,SELL
SELL,2026-08-07 17:04:00,103.45140483706348,2026-08-07 19:29:00,106.67751440105984,-3.22610956399636,0,-0.009907035706021361,0.714140096224415,1751.5,2452.6,bear,0.047762140675672526,SELL
SELL,2026-08-07 22:18:00,108.7325658861189,2026-08-07 23:14:00,113.69187799178319,-4.9593121056642815,0,-0.11998898896312937,1.420789163722026,2895.0,2037.6,bear,0.03099917404230723,SELL
BUY,2026-08-07 14:30:00,102.45406036031125,2026-08-07 16:42:00,101.64589444677276,-0.8081659135384882,0,0.004235689583467206,0.9655172413793104,1400.0,1450.0,bull,0.2388294174288319,BUY
BUY,2026-08-07 20:02:00,101.06167358353716,2026-08-07 22:01:00,97.99351110991107,-3.0681624736260886,0,0.16014926731571677,1.2448471926083866,1751.5,1407.0,bull,-0.11617330346791732,BUY
BUY,2026-08-07 14:50:00,102.12551044481752,2026-08-07 16:52:00,99.54296820963054,-2.5825422351869776,0,0.17123041377524828,1.2490248523347822,2241.5,1794.6,bull,0.32750417746358096,BUY
BUY,2026-08-07 19:40:00,98.42374245239986,2026-08-07 21:51:00,98.08307717371821,-0.3406652786816551,0,0.01720422529919574,1.2387520719867393,2092.5,1689.2,bull,-0.1488200410246634,BUY
SELL,2026-08-07 11:26:00,98.96082906327358,2026-08-07 14:42:00,96.25167982842054,2.7091492348530437,1,-0.034150687343398545,1.4575935536738596,2134.5,1464.4,bear,-0.09510283903151162,SELL
SELL,2026-08-07 17:05:00,96.79348045792712,2026-08-07 20:24:00,95.87810393235233,0.9153765255747857,1,-0.0025464789976581415,1.048953240566629,1673.5,1595.4,bear,-0.7324853089204169,SELL
SELL,2026-08-07 21:25:00,92.72718317376257,2026-08-07 23:39:00,93.89792755961618,-1.1707443858536095,0,-0.05076207250783682,0.8205380577427821,1250.5,1524.0,bear,-0.527266766140869,SELL
BUY,2026-08-07 14:57:00,95.93025746828548,2026-08-07 17:19:00,95.67619904804411,-0.25405842024136405,0,0.015955190265174224,1.8326165425082561,4772.5,2604.2,bull,0.9755046627557107,BUY
BUY,2026-08-07 18:06:00,98.98440654226081,2026-08-07 22:14:00,105.24919821328804,6.264791671027226,1,0.04624266066204541,1.160660114063827,1913.0,1648.2,sideways,0.1697626897370128,BUY
SELL,2026-08-07 12:09:00,104.07235154482184,2026-08-07 13:52:00,108.12012888370275,-4.0477773388809055,0,-0.034157669098931365,0.9997292540950318,1477.0,1477.4,bear,-0.34772804079226205,SELL
SELL,2026-08-07 22:00:00,114.73628553726383,2026-08-07 23:49:00,118.39167218395134,-3.655386646687518,0,-0.07860516010377694,1.2490561967425304,2316.0,1854.2,bear,0.5783738928940494,SELL
BUY,2026-08-07 15:17:00,101.86509554746631,2026-08-07 16:53:00,98.37606789166783,-3.4890276557984805,0,0.0566847625504181,1.667837338262477,4511.5,2705.0,bull,-0.21361681120774278,BUY
BUY,2026-08-07 19:50:00,98.94158148603638,2026-08-07 21:48:00,97.05039734830166,-1.8911841377347258,0,0.060299820518849856,1.0294355490862042,1273.0,1236.6,bull,0.15152920842886886,BUY
BUY,2026-08-07 09:25:00,101.09908272248065,2026-08-07 12:37:00,105.64928712470693,4.550204402226285,1,0.03469295925170002,0.7315468042539749,1389.5,1899.4,bull,0.6068371006101643,BUY
BUY,2026-08-07 15:28:00,106.83997837482042,2026-08-07 16:57:00,104.98816990683096,-1.851808467989457,0,0.06328988887881337,0.7877934644670052,1986.5,2521.6,bull,0.7076886958896154,BUY
BUY,2026-08-07 19:55:00,103.29071826723735,2026-08-07 21:57:00,100.00405262821572,-3.286665639021635,0,0.13632651228722636,0.9499416418104007,1465.0,1542.2,bull,0.7220559205365618,BUY
SELL,2026-08-07 12:15:00,103.61182570030883,2026-08-07 14:49:00,104.84412036649572,-1.2322946661868883,0,-0.03238345841795365,0.7560460871549167,1325.5,1753.2,bear,-0.15330462832382352,SELL
SELL,2026-08-07 16:44:00,103.16348973942878,2026-08-07 19:22:00,102.7866698253062,0.37681991412257787,1,-0.03994017884940604,1.0872366227072912,1434.5,1319.4,bear,-0.12184670501297035,SELL
SELL,2026-08-07 22:38:00,105.8020080083938,2026-08-07 22:58:00,109.46572235288879,-3.6637143444949913,0,-0.050400933652682056,0.6766774891774892,1250.5,1848.0,bull,0.02995941382835099,SELL
SELL,2026-08-07 12:05:00,103.63091422474079,2026-08-07 14:24:00,107.35538568328141,-3.72447145854062,0,-0.015469581542220112,1.4580864928909951,1969.0,1350.4,bear,-0.03253740359370738,SELL
SELL,2026-08-07 16:55:00,108.21281540845769,2026-08-07 19:28:00,109.72633051415336,-1.5135151056956744,0,-0.026888332911781276,1.4228630993745657,2047.5,1439.0,bear,-0.005210056136718322,SELL
SELL,2026-08-07 22:25:00,112.14166904474257,2026-08-07 23:08:00,117.1242633453308,-4.982594300588232,0,-0.03760680645994796,1.0708354094004318,2579.0,2408.4,bear,-0.06264774665062589,SELL
BUY,2026-08-07 14:21:00,109.92490606055127,2026-08-07 19:02:00,111.98652332428831,2.0616172637370482,1,0.014086828070986712,0.9983533186961662,2364.5,2368.4,bull,0.1574261887234627,BUY
BUY,2026-08-07 19:57:00,117.99020032886278,2026-08-07 21:55:00,115.19492279073258,-2.7952775381302075,0,0.04428261976205761,0.9777540961769015,1468.0,1501.4,bull,0.7000169135799723,BUY
SELL,2026-08-07 12:04:00,101.51522367050305,2026-08-07 14:44:00,105.60288719153716,-4.087663521034116,0,-0.003855799373710056,1.3953988389593635,1298.0,930.2,bear,-0.5780772459792445,SELL
SELL,2026-08-07 17:27:00,106.4899889431283,2026-08-07 20:07:00,108.89987796612196,-2.409889022993667,0,-0.12625155249983777,1.2086885437346724,2070.0,1712.6,bear,-0.007250873565865845,SELL
SELL,2026-08-07 22:06:00,107.77699815169177,2026-08-07 23:25:00,109.89484240401934,-2.117844252327572,0,-0.06625989900550167,0.5813223140495868,1758.5,3025.0,bear,-0.0671853549281991,SELL
SELL,2026-08-07 12:04:00,102.65661866459769,2026-08-07 14:43:00,103.85264188071947,-1.1960232161217874,0,-0.031914752494060394,0.9528676556477047,1631.5,1712.2,bear,0.012586659430567693,SELL
SELL,2026-08-07 16:55:00,103.68079105076453,2026-08-07 19:04:00,105.75096370399922,-2.0701726532346925,0,-0.07006668240211411,0.6100614614158889,1608.0,2635.8,bear,-0.47654681127349363,SELL
SELL,2026-08-07 22:05:00,106.86695411081119,2026-08-08 00:00:00,109.14910682855661,-2.2821527177454186,0,-0.05481484895678079,1.230807506397498,1731.5,1406.8,bear,-0.5454217669129093,SELL
BUY,2026-08-07 14:27:00,105.33747715808143,2026-08-07 16:52:00,105.60030047659849,0.2628233185170643,1,0.09194430824028643,0.6581260140616549,1947.0,2958.4,bull,0.22803979685555475,BUY
BUY,2026-08-07 18:59:00,106.46119226239354,2026-08-07 22:06:00,108.51895762494279,2.0577653625492474,1,0.09852970947133599,0.661392815458436,2040.0,3084.4,sideways,0.01716722672669846,BUY
BUY,2026-08-07 18:05:00,125.09492103562714,2026-08-07 18:08:00,124.37743628271417,-0.7174847529129664,0,0.00836101544869905,0.865684237860296,1333.5,1540.4,sideways,-0.32870785855838847,BUY
BUY,2026-08-07 18:09:00,124.4374124252543,2026-08-07 18:10:00,124.34151141138611,-0.09590101386818617,0,0.0013747014642149225,0.9914198401504467,1687.0,1701.6,sideways,0.05997614254012262,BUY
BUY,2026-08-07 18:11:00,124.86458826834372,2026-08-07 21:58:00,126.77305260102675,1.9084643326830246,1,0.01845645737786583,0.78970945859465,1234.0,1562.6,sideways,0.5230768569576156,BUY
SELL,2026-08-07 11:50:00,100.73592611725134,2026-08-07 15:21:00,98.34252791869767,2.393398198553669,1,-0.04330926243299871,0.6807025986525506,1414.5,2078.0,bear,-0.15569269479121317,SELL
SELL,2026-08-07 17:14:00,96.31627360178587,2026-08-07 20:04:00,96.32905995104855,-0.012786349262682961,0,-0.0017195018729125877,0.7917640186915887,1355.5,1712.0,bear,0.16400756362804714,SELL
SELL,2026-08-07 22:00:00,92.98596140257142,2026-08-08 00:23:00,93.7892533700318,-0.8032919674603818,0,-0.12696616315530207,1.0861011071095104,1628.5,1499.4,bear,-0.7576582670822773,SELL
SELL,2026-08-07 12:06:00,102.52973066383237,2026-08-07 13:56:00,106.31291757503199,-3.7831869111996212,0,-0.11223571853604142,1.4557723142704437,2179.0,1496.8,bear,0.018011599615775253,SELL
SELL,2026-08-07 16:41:00,106.52358974469324,2026-08-07 19:59:00,102.74061434415896,3.7829754005342835,1,-0.05751299556214917,1.0218084500626352,1794.5,1756.2,bear,-0.07891808057820526,SELL
SELL,2026-08-07 21:53:00,101.08379505974563,2026-08-08 00:07:00,103.5552916919649,-2.471496632219271,0,-0.11526020418016003,0.9152133291809404,1175.5,1284.4,bear,0.23588008651584857,SELL
SELL,2026-08-07 09:21:00,99.87427595915746,2026-08-07 09:24:00,100.90912757410513,-1.0348516149476694,0,-0.0005805598395625111,0.909917436603106,1851.5,2034.8,bull,0.0033075863009202067,SELL
SELL,2026-08-07 12:16:00,103.78132881912539,2026-08-07 14:37:00,104.47850415964368,-0.6971753405182852,0,-0.0644028611818186,0.44937428896473264,790.0,1758.0,bear,0.12488939689522738,SELL
SELL,2026-08-07 17:12:00,105.98798663553858,2026-08-07 19:20:00,109.92941024661089,-3.9414236110723095,0,-0.03641306170055714,1.0051074858972404,1318.5,1311.8,bear,0.0003848092725178276,SELL
SELL,2026-08-07 22:07:00,107.82014954092931,2026-08-07 23:24:00,112.0762627106266,-4.2561131696972865,0,-0.10745738215062772,1.052612375948628,1442.5,1370.4,bear,-0.37014817590799964,SELL
BUY,2026-08-07 15:04:00,101.69389484789446,2026-08-07 17:08:00,102.45139232162403,0.7574974737295719,1,0.02199736452804757,0.9064904001551489,2804.5,3093.8,bull,0.08679756751136836,BUY
BUY,2026-08-07 20:30:00,99.10041711970024,2026-08-07 21:38:00,95.96751480746246,-3.132902312237775,0,0.026623889304303816,1.2056708612518385,1475.5,1223.8,bull,0.6039565370637376,BUY
BUY,2026-08-07 15:25:00,97.55909011179266,2026-08-07 16:35:00,93.98415448446463,-3.5749356273280313,0,0.08392884890650976,0.7987381703470031,1266.0,1585.0,bull,-0.10121731738091455,BUY
BUY,2026-08-07 20:12:00,87.0730286039581,2026-08-07 21:51:00,84.68048853894372,-2.392540065014373,0,0.024512488675028976,1.2183471454880295,2117.0,1737.6,bull,-0.4301624290643957,BUY
BUY,2026-08-07 14:13:00,106.22440917506539,2026-08-07 16:39:00,106.24651519109504,0.02210601602965312,1,0.05102304656116985,1.7841246290801187,4810.0,2696.0,sideways,-0.20385633573127393,BUY
BUY,2026-08-07 20:24:00,104.36389769496631,2026-08-07 22:20:00,104.28226367055377,-0.08163402441253709,0,0.0558165853409065,1.2371492825016064,2310.5,1867.6,bull,-0.11622683390528721,BUY
BUY,2026-08-07 22:21:00,104.79621162417969,2026-08-07 22:25:00,103.74034439643167,-1.055867227748024,0,0.007828743202438204,0.528575089697591,825.0,1560.8,bear,0.5139479536259159,BUY
BUY,2026-08-07 09:38:00,101.20707508617697,2026-08-07 12:31:00,102.63927511196842,1.4322000257914453,1,0.04375847199104044,0.6231003039513677,1189.0,1908.2,bull,0.30988135542345674,BUY
BUY,2026-08-07 14:25:00,107.60000226741809,2026-08-07 16:45:00,105.48389337049953,-2.1161088969185613,0,0.10468583428318823,1.3132807363576595,1997.5,1521.0,bull,0.556985672685542,BUY
SELL,2026-08-07 13:02:00,106.94381413453524,2026-08-07 14:19:00,107.93699693632009,-0.9931828017848403,0,-0.0240890612205078,1.0366889933020094,2074.0,2000.6,sideways,0.6308156060615033,SELL
SELL,2026-08-07 17:28:00,113.54422124799203,2026-08-07 18:30:00,118.89741481319834,-5.353193565206311,0,-0.09302299407885073,0.7126194179071317,1283.0,1800.4,bear,-0.012530298491810754,SELL
SELL,2026-08-07 21:46:00,121.6295321502613,2026-08-07 23:58:00,124.65206641603899,-3.0225342657776935,0,-0.05573522893978122,0.882630585273757,1122.0,1271.2,bear,0.21644039392612058,SELL
BUY,2026-08-07 14:27:00,105.68165915448026,2026-08-07 16:51:00,104.91606216157797,-0.7655969929022888,0,0.003248009318355116,1.419027873761806,1232.0,868.2,bull,0.33576943126614367,BUY
SELL,2026-08-07 12:23:00,103.91330733417249,2026-08-07 16:02:00,102.3970824472547,1.516224886917783,1,-0.01882297587602011,0.5913367942894224,1458.0,2465.6,bear,-0.13592044542316728,SELL
SELL,2026-08-07 16:11:00,99.99239993245088,2026-08-07 19:05:00,96.30042507478039,3.6919748576704876,1,-0.008678193454755956,0.44728494826674725,1184.5,2648.2,bear,-0.5004440303965794,SELL
SELL,2026-08-07 22:10:00,100.28572192500702,2026-08-07 23:17:00,104.42245868445536,-4.13673675944834,0,-0.07127484273567575,1.0245814791269336,1934.0,1887.6,bear,-0.43305781477991445,SELL
SELL,2026-08-07 12:03:00,102.28364163589532,2026-08-07 14:09:00,103.95809547073529,-1.6744538348399658,0,-0.09163894143581786,1.3112391930835734,2366.0,1804.4,bear,-0.8260278986187046,SELL
SELL,2026-08-07 16:43:00,103.73587240634336,2026-08-07 20:34:00,100.48867259823476,3.247199808108604,1,-0.05788324091855657,0.7320872274143302,752.0,1027.2,bear,-0.05175540124515976,SELL
SELL,2026-08-07 22:37:00,99.9619278579838,2026-08-07 22:44:00,101.93406205371366,-1.9721341957298648,0,-0.0377584493636931,1.186784251441946,2839.5,2392.6,bull,1.2155948797308014,SELL
SELL,2026-08-07 12:38:00,104.80019848107216,2026-08-07 14:52:00,106.98075024821006,-2.1805517671378993,0,-0.02310763709829189,0.7586348684210527,922.5,1216.0,sideways,0.33587821399704865,SELL
SELL,2026-08-07 16:38:00,103.27410221305071,2026-08-07 20:09:00,103.07137681979285,0.20272539325786454,1,-0.04167682557272201,0.7673013339413978,1346.0,1754.2,bear,-0.0080211401746908,SELL
SELL,2026-08-07 22:26:00,99.80728508890913,2026-08-07 23:08:00,107.23668596366497,-7.429400874755842,0,-0.0015533164952898915,1.261769592910551,1822.5,1444.4,bear,0.16372564541802603,SELL
SELL,2026-08-07 11:45:00,100.1408656272708,2026-08-07 14:47:00,99.13553262429687,1.0053330029739271,1,-0.019199135537022016,0.7474737467802656,754.5,1009.4,bear,-0.6871964646761057,SELL
SELL,2026-08-07 16:55:00,96.37566418049651,2026-08-07 18:58:00,98.55601954572576,-2.1803553652292464,0,-0.04119912704766193,0.6343108044535047,809.0,1275.4,bear,-0.44517573022649515,SELL
SELL,2026-08-07 21:55:00,97.7661394350921,2026-08-07 23:34:00,101.56048628705588,-3.7943468519637804,0,-0.14001864544052012,0.7457827759692217,1008.0,1351.6,bear,0.1915842273180175,SELL
BUY,2026-08-07 15:51:00,101.36764836792771,2026-08-07 16:19:00,98.06708423557043,-3.3005641323572803,0,0.004827546429680751,1.329103402416048,2398.5,1804.6,bull,0.23133264037335266,BUY
BUY,2026-08-07 19:52:00,95.25028793746162,2026-08-07 21:25:00,91.44656258701991,-3.8037253504417095,0,0.01542776090164466,0.9241420830824805,1228.0,1328.8,bull,0.11058550866793837,BUY
BUY,2026-08-07 14:03:00,102.86262104493068,2026-08-07 17:32:00,107.00275268352144,4.140131638590759,1,0.0267046661988104,1.4269336594313664,1867.0,1308.4,sideways,-0.8229759480302334,BUY
BUY,2026-08-07 14:58:00,98.88628756641819,2026-08-07 16:46:00,96.9069430725404,-1.9793444938777895,0,0.028136881842655725,1.4588324017389762,3288.5,2254.2,bull,0.24133070471381757,BUY
BUY,2026-08-07 20:16:00,94.09044899417287,2026-08-07 22:00:00,90.76974373506151,-3.3207052591113637,0,0.0005918779975360167,0.8402570935883368,1072.0,1275.8,bull,-0.2521669785704006,BUY
BUY,2026-08-07 09:20:00,100.12895836698752,2026-08-07 09:21:00,99.8263399515403,-0.30261841544721335,0,0.0015946508064104137,1.1217575436739016,2119.0,1889.0,bull,0.014390950309447703,BUY
BUY,2026-08-07 09:32:00,100.66783953195255,2026-08-07 12:17:00,104.6109764997154,3.943136967762854,1,0.00919000531371239,1.397286155960151,1627.0,1164.4,bull,0.2065080058759463,BUY
BUY,2026-08-07 14:36:00,107.57573110427322,2026-08-07 16:32:00,106.68747435197083,-0.8882567523023823,0,0.0200933338084468,0.9141479099678457,1421.5,1555.0,bull,0.06463325444060786,BUY
BUY,2026-08-07 19:26:00,104.89300746150447,2026-08-07 21:53:00,105.04648477601188,0.15347731450741264,1,0.024213605290626106,0.8500452352231603,1127.5,1326.4,bull,-0.04871937175933283,BUY
BUY,2026-08-07 14:45:00,108.29445086911336,2026-08-07 17:22:00,110.87323877515539,2.578787906042024,1,0.046805895789049146,0.9429344696533457,1637.5,1736.6,bull,0.3357509461489059,BUY
BUY,2026-08-07 20:00:00,113.51212521647456,2026-08-07 22:32:00,112.90076549413584,-0.6113597223387188,0,0.04053819458636099,0.8962636866463484,1588.0,1771.8,bull,0.4338632055524698,BUY
SELL,2026-08-07 12:12:00,102.54422169885018,2026-08-07 14:20:00,103.51026608249806,-0.9660443836478834,0,-0.03815643033527749,0.6952614379084967,1276.5,1836.0,bear,-0.39721051055184375,SELL
SELL,2026-08-07 16:55:00,104.21016325053652,2026-08-07 20:05:00,102.85399751489706,1.3561657356394647,1,-0.06067833837271053,0.7195022201448937,2463.0,3423.2,bear,-0.19018680817326583,SELL
SELL,2026-08-07 21:34:00,98.92892030376163,2026-08-08 00:09:00,98.13935819375067,0.7895621100109622,1,-0.010072257345456137,0.9841404701217785,2085.0,2118.6,bear,0.09703951075906048,SELL
SELL,2026-08-07 11:54:00,101.5806148890877,2026-08-07 14:24:00,101.61231956005273,-0.03170467096502705,0,-0.012057883111694423,1.6091822000525073,4903.5,3047.2,bear,0.026649449974058825,SELL
SELL,2026-08-07 17:16:00,102.34994399727188,2026-08-07 19:26:00,105.32957741788059,-2.9796334206087067,0,-0.17180370614016738,0.681980693600286,1144.5,1678.2,bear,-0.5904824184473938,SELL
SELL,2026-08-07 22:27:00,110.94207003265207,2026-08-07 23:01:00,115.94944395476297,-5.007373922110901,0,-0.02731884574748733,1.1968285930027687,1902.0,1589.2,bear,-0.28270447356565853,SELL
SELL,2026-08-07 11:53:00,101.60134919464383,2026-08-07 15:10:00,102.63175976546438,-1.0304105708205498,0,-0.04040841927870531,1.414620134999282,1970.0,1392.6,bear,-0.37886386103267,SELL
SELL,2026-08-07 17:14:00,100.96786160779986,2026-08-07 19:57:00,100.0476862889406,0.9201753188592647,1,-0.01781506126678778,1.507546995092138,3256.0,2159.8,bear,0.2570089502230246,SELL
SELL,2026-08-07 22:16:00,100.23710245756655,2026-08-07 23:29:00,103.10202190847191,-2.8649194509053615,0,-0.010888574337045043,1.347544441096716,1789.0,1327.6,bear,0.021522611797848867,SELL
SELL,2026-08-07 12:06:00,103.48992290401077,2026-08-07 13:15:00,105.0650766397833,-1.5751537357725311,0,-0.019018192278082324,1.5395616968843513,3498.5,2272.4,bear,-0.0746477029801298,SELL
SELL,2026-08-07 13:16:00,104.64044822847858,2026-08-07 14:32:00,106.16580031677135,-1.5253520882927774,0,-0.009908516140768597,1.5844010662997676,3685.0,2325.8,sideways,-0.42462841130472384,SELL
SELL,2026-08-07 17:14:00,108.14494655466206,2026-08-07 20:05:00,107.45973833905106,0.6852082156109986,1,-0.1622147864609218,1.3379653238143805,3148.5,2353.2,bear,0.20924974207788694,SELL
SELL,2026-08-07 22:24:00,106.33937908284867,2026-08-07 23:12:00,111.35417700563393,-5.014797922785263,0,-0.04589471060832295,1.1803482587064678,1898.0,1608.0,bear,-0.22177120772218473,SELL
SELL,2026-08-07 12:18:00,102.12217963588505,2026-08-07 13:01:00,106.13231643748091,-4.010136801595863,0,-0.03737023830824171,1.71624066953178,3035.0,1768.4,bear,-0.10904011779422262,SELL
SELL,2026-08-07 13:41:00,101.44775550185255,2026-08-07 14:23:00,105.52727625481876,-4.079520752966204,0,-0.009823901804281832,1.3012643864483708,1605.5,1233.8,sideways,-0.009762158290712364,SELL
SELL,2026-08-07 17:16:00,108.4728949883275,2026-08-07 19:26:00,110.79891316198724,-2.3260181736597474,0,-0.006381505322067937,0.9188681531749878,1516.5,1650.4,bear,0.0646336620503547,SELL
SELL,2026-08-07 21:44:00,110.40981012605098,2026-08-08 00:33:00,108.07297697413779,2.336833151913197,1,-0.01398092026266795,0.8230152949745084,1356.0,1647.6,bear,0.8305445028612297,SELL
SELL,2026-08-07 11:40:00,98.8133354604738,2026-08-07 13:14:00,104.25226940468265,-5.438933944208856,0,-0.019584580788617245,1.473901098901099,4292.0,2912.0,bear,-0.4757031083663037,SELL
SELL,2026-08-07 16:56:00,104.22775044651662,2026-08-07 20:24:00,99.71925539362746,4.50849505288916,1,-0.02711511334739214,1.097716689199339,1461.5,1331.4,bear,0.16213145106034688,SELL
SELL,2026-08-07 21:55:00,97.50459454704168,2026-08-07 23:52:00,98.7327714053958,-1.228176858354118,0,-0.06905684766398679,1.4341723136495643,1481.5,1033.0,bear,-0.41849444760727295,SELL
SELL,2026-08-07 12:08:00,99.5653481102736,2026-08-07 15:56:00,95.13185573345376,4.433492376819842,1,-0.06312551066159244,1.2509851310881102,4762.0,3806.6,bear,-0.752472686466092,SELL
SELL,2026-08-07 15:59:00,93.43663163937532,2026-08-07 20:24:00,84.92430848806603,8.512323151309289,1,-0.015867174908791526,0.907703488372093,1249.0,1376.0,bear,-0.42140091120674583,SELL
SELL,2026-08-07 22:33:00,83.83364180894988,2026-08-07 22:39:00,85.418855237719,-1.5852134287691229,0,-0.011878035065549852,0.9913696480609728,1769.0,1784.4,bear,0.7121945409559203,SELL
SELL,2026-08-07 11:47:00,100.02297090212743,2026-08-07 15:41:00,96.79090641150638,3.232064490621042,1,-0.10371423792255996,0.8988723435015179,1243.5,1383.4,bear,0.07227287342900013,SELL
SELL,2026-08-07 16:50:00,91.78174156881163,2026-08-07 20:15:00,87.90852960392193,3.873211964889691,1,-0.0864772569113228,0.955090741310366,1242.0,1300.4,bear,-0.23429374182421725,SELL
SELL,2026-08-07 22:05:00,84.00125997968208,2026-08-07 23:30:00,87.83055898855535,-3.829299008873278,0,-0.04900073251583592,0.5185909980430529,1378.0,2657.2,bear,-0.06429129480251561,SELL
BUY,2026-08-07 18:12:00,119.79973357094353,2026-08-07 21:44:00,119.85168526628954,0.05195169534600552,1,0.043463606591359394,1.0489469349335216,1783.0,1699.8,sideways,0.35659108614426316,BUY
BUY,2026-08-07 09:34:00,100.88574837523653,2026-08-07 12:01:00,101.43831942644778,0.5525710512112454,1,0.027742123378146744,1.3392713850104316,1669.0,1246.2,bull,0.5380188269450201,BUY
BUY,2026-08-07 14:46:00,101.89499556415541,2026-08-07 16:51:00,99.96053709735375,-1.934458466801658,0,0.006496541215241791,0.861290716115652,1412.0,1639.4,bull,0.4613686278422193,BUY
BUY,2026-08-07 19:14:00,101.49980547950238,2026-08-07 21:17:00,98.6102556140737,-2.889549865428691,0,0.05157453249468347,1.484011377348733,3443.5,2320.4,sideways,0.4536146397754379,BUY
BUY,2026-08-07 14:01:00,109.8126823651446,2026-08-07 16:56:00,107.40968716736563,-2.4029951977789636,0,0.015905000357562926,1.4997376934510798,3430.5,2287.4,sideways,-0.3863518416464302,BUY
BUY,2026-08-07 18:43:00,110.72662724609174,2026-08-07 22:19:00,113.15073009042788,2.424102844336147,1,0.03272895725882563,0.7792127157581026,1255.0,1610.6,sideways,-0.2976142726223827,BUY
BUY,2026-08-07 13:41:00,109.02685691841279,2026-08-07 14:08:00,107.52195383085329,-1.504903087559498,0,0.01668655498457383,1.2863485016648168,2318.0,1802.0,sideways,0.12522280394638585,BUY
BUY,2026-08-07 14:32:00,110.5147382790966,2026-08-07 17:41:00,113.68947074223507,3.1747324631384686,1,0.009114702749016601,0.8747880158281515,1238.0,1415.2,bull,0.3961782849043658,BUY
BUY,2026-08-07 18:08:00,116.67964639920497,2026-08-07 21:59:00,121.47505143855096,4.795405039345994,1,0.007062139664725464,1.0889768870211733,1347.5,1237.4,sideways,-0.12207875775268917,BUY
BUY,2026-08-07 15:04:00,103.57861062675202,2026-08-07 17:04:00,100.73586695548514,-2.842743671266888,0,0.04126424727265032,0.9699413489736071,1323.0,1364.0,bull,0.11028116015916112,BUY
BUY,2026-08-07 19:33:00,102.9371655755591,2026-08-07 21:44:00,100.67083761676079,-2.266327958798314,0,0.06189750771741842,1.4849233811171527,3004.0,2023.0,bull,-0.04170906724903034,BUY
BUY,2026-08-07 14:45:00,105.46347239886515,2026-08-07 17:23:00,107.57065763785128,2.1071852389861334,1,0.03980411332193512,1.2103681922781897,1893.5,1564.4,bull,-0.498700801984711,BUY
BUY,2026-08-07 20:18:00,107.4448731849113,2026-08-07 21:31:00,103.7607406545,-3.684132530411304,0,0.030305510571778882,0.9108470622539729,1249.5,1371.8,bull,0.53239662707783,BUY
BUY,2026-08-07 13:37:00,105.09306887654274,2026-08-07 17:06:00,107.48944766267246,2.3963787861297163,1,0.05112421533071654,1.6352031070928308,5136.5,3141.2,sideways,0.5707177294686261,BUY
BUY,2026-08-07 18:12:00,111.75672235892507,2026-08-07 21:35:00,111.53718321007516,-0.21953914884991832,0,0.0036003715013492865,1.104784323705306,1736.5,1571.8,sideways,0.16198099528313037,BUY
BUY,2026-08-07 14:06:00,105.23299977719539,2026-08-07 17:14:00,107.87052903382997,2.637529256634579,1,0.0026406823451168293,1.1053403007902116,1734.5,1569.2,sideways,0.03318354019965852,BUY
BUY,2026-08-07 19:25:00,110.58782802393893,2026-08-07 21:59:00,113.04960874960658,2.4617807256676514,1,0.05154291705559899,1.5471607314725697,4179.5,2701.4,bull,-0.17109292452526859,BUY
SELL,2026-08-07 11:58:00,105.1682134618308,2026-08-07 15:02:00,105.99265405146882,-0.8244405896380158,0,-0.09407633308288155,0.5653632915086081,775.0,1370.8,bear,-0.07683619945878206,SELL
SELL,2026-08-07 17:06:00,104.70850998513278,2026-08-07 20:26:00,104.42532721854563,0.2831827665871458,1,-0.011702976304462709,0.998477395174514,1705.0,1707.6,bear,0.2920223860827491,SELL
SELL,2026-08-07 21:12:00,100.18817757461387,2026-08-08 00:11:00,96.60513947216323,3.5830381024506437,1,-0.0032570574261541196,0.5041095890410959,736.0,1460.0,bear,0.17081493906562173,SELL
BUY,2026-08-07 15:13:00,104.85009960834293,2026-08-07 17:06:00,102.97201576446932,-1.8780838438736112,0,0.06595854972397319,0.9746342130452619,1425.5,1462.6,bull,0.6187070228028517,BUY
BUY,2026-08-07 19:56:00,103.05609885209643,2026-08-07 22:05:00,103.13689694356454,0.08079809146811101,1,0.09997515329892792,0.8868374032162001,1489.0,1679.0,bull,-0.11265147748486015,BUY
BUY,2026-08-07 15:07:00,105.73751126679278,2026-08-07 17:11:00,103.82729137626501,-1.9102198905277703,0,0.019100797348102105,1.2573640224688314,1835.5,1459.8,bull,0.011933255977268686,BUY
BUY,2026-08-07 19:55:00,105.80352217921649,2026-08-07 21:37:00,103.54063708243237,-2.2628850967841174,0,0.029858159199037004,1.3486042870255386,4995.5,3704.2,bull,-0.3080889355590841,BUY
BUY,2026-08-07 09:48:00,101.50857582790297,2026-08-07 12:15:00,102.20848322264004,0.6999073947370675,1,0.003725672134478941,1.5516603801493973,4196.0,2704.2,bull,0.4247860457338817,BUY
BUY,2026-08-07 14:25:00,104.31729442937718,2026-08-07 16:57:00,102.15966559131944,-2.1576288380577466,0,0.0803307530166677,1.1807458596449423,1982.0,1678.6,bull,0.14933952705086995,BUY
BUY,2026-08-07 13:59:00,99.45876287266995,2026-08-07 17:31:00,104.99140663721913,5.532643764549178,1,0.03009145440492489,0.8484065460809647,985.0,1161.0,sideways,0.7878468999347348,BUY
BUY,2026-08-07 19:34:00,108.36178449254504,2026-08-07 22:27:00,108.40313013862405,0.0413456460790087,1,0.0209129306565643,0.9472562991258356,2579.0,2722.6,bull,0.2705404372621132,BUY
BUY,2026-08-07 15:24:00,103.82773000130018,2026-08-07 17:02:00,101.01244290601693,-2.815287095283253,0,0.025204087636666372,1.246226821905994,2312.0,1855.2,bull,0.0037004049547277873,BUY
BUY,2026-08-07 20:41:00,97.8995170148557,2026-08-07 21:50:00,93.61815307066031,-4.281363944195391,0,0.002853838182872437,0.5100005865446654,1739.0,3409.8,bull,-0.1102430998777777,BUY
BUY,2026-08-07 09:20:00,100.47833207997314,2026-08-07 11:50:00,98.28282631819033,-2.1955057617828118,0,0.005342143302556224,1.519928784746152,2646.5,1741.2,bull,0.41116344632357027,BUY
BUY,2026-08-07 14:09:00,101.93432359172947,2026-08-07 17:51:00,109.60791973099484,7.673596139265371,1,0.09691125250940047,1.101745771958538,2019.5,1833.0,sideways,0.1813994220660078,BUY
BUY,2026-08-07 20:09:00,110.7322176643332,2026-08-07 21:54:00,107.70526529721857,-3.0269523671146317,0,0.04316399572302032,0.9982071968241772,1559.0,1561.8,bull,0.29439322528675405,BUY
BUY,2026-08-07 15:02:00,105.81324027846861,2026-08-07 16:56:00,102.07344212740553,-3.739798151063084,0,0.013250274831349884,0.8545418950665622,1309.5,1532.4,bull,0.18766428060334306,BUY
BUY,2026-08-07 20:12:00,102.00389905329278,2026-08-07 22:08:00,97.70543757253607,-4.298461480756714,0,4.602271360454324e-05,0.932165886964218,1474.5,1581.8,bull,0.3688291545174849,BUY
SELL,2026-08-07 17:01:00,115.72329945424961,2026-08-07 19:45:00,115.7092242317974,0.014075222452206049,1,-0.09720014055959325,0.9960492835141288,1487.5,1493.4,bear,0.05688120264655083,SELL
SELL,2026-08-07 22:05:00,114.92799640818512,2026-08-07 23:37:00,119.43576224035874,-4.507765832173618,0,-0.004069609713909017,1.0045109832635983,1536.5,1529.6,bear,-0.8299602512397257,SELL
BUY,2026-08-07 14:27:00,107.97407449710934,2026-08-07 16:57:00,109.08933858506882,1.1152640879594742,1,0.021637844568545006,1.6652895976204247,4031.0,2420.6,bull,0.7440716768130358,BUY
BUY,2026-08-07 20:06:00,108.84012242047464,2026-08-07 22:26:00,108.51784350880855,-0.32227891166608913,0,0.03840318789987407,0.9090206981773247,2354.0,2589.6,bull,-0.31364864278418736,BUY
BUY,2026-08-07 09:34:00,100.56990760158733,2026-08-07 11:51:00,100.65136909822147,0.08146149663413382,1,0.0018741397066293075,1.1073438665491286,3266.0,2949.4,bull,0.29140457549171117,BUY
BUY,2026-08-07 15:06:00,102.74205980286887,2026-08-07 16:32:00,100.84959606825839,-1.8924637346104731,0,0.04511687481802085,0.78508316008316,1510.5,1924.0,bull,0.30708921196973904,BUY
BUY,2026-08-07 20:29:00,98.03615143358945,2026-08-07 22:02:00,94.55682700945823,-3.479324424131221,0,0.06531669289442732,1.2702508492291613,1944.5,1530.8,bull,-0.16906415997375746,BUY
BUY,2026-08-07 09:42:00,101.39679258358717,2026-08-07 12:34:00,105.79255371659026,4.3957611330030915,1,0.03276185949087562,0.45709288213036336,1280.5,2801.4,bull,0.8662223378459686,BUY
BUY,2026-08-07 13:41:00,109.3136113455144,2026-08-07 13:53:00,106.74013800305333,-2.573473342461071,0,0.033695912952211415,0.661401546920138,1419.5,2146.2,sideways,0.312458219308823,BUY
BUY,2026-08-07 14:50:00,109.46373080192134,2026-08-07 17:12:00,109.7336047492006,0.26987394727925107,1,0.056468796733327054,0.45651051748612725,707.5,1549.8,bull,-0.09662379951312516,BUY
BUY,2026-08-07 20:27:00,108.14516329180479,2026-08-07 21:42:00,103.32267186006902,-4.82249143173577,0,0.058115361531221765,0.8594624860022397,1688.5,1964.6,bull,0.5013962329269503,BUY
SELL,2026-08-07 11:42:00,100.26669130392771,2026-08-07 14:35:00,99.5521365918222,0.7145547121055102,1,-0.10919084822639036,0.3703945649333682,850.5,2296.2,bear,0.07299661805885194,SELL
SELL,2026-08-07 17:34:00,103.2858136720489,2026-08-07 17:59:00,106.19629203439278,-2.9104783623438806,0,-0.03201349727881109,1.1837369109947644,1447.0,1222.4,bear,0.2094809009735883,SELL
SELL,2026-08-07 22:33:00,112.64142440645068,2026-08-07 23:26:00,117.54242609818134,-4.901001691730656,0,-0.12581996165295095,0.2968732675462912,1071.0,3607.6,bear,-0.6061876277408658,SELL
BUY,2026-08-07 13:14:00,104.09040587730357,2026-08-07 13:27:00,99.90867684316437,-4.181729034139195,0,0.05239268050905821,1.138077285579642,1932.0,1697.6,sideways,0.2515918604754859,BUY
BUY,2026-08-07 15:12:00,103.87722737383302,2026-08-07 17:10:00,100.78311036332605,-3.0941170105069773,0,0.11770703167744045,1.1844014510278114,1959.0,1654.0,bull,0.13219978724946202,BUY
BUY,2026-08-07 18:25:00,106.16712112020633,2026-08-07 19:06:00,100.65059610275411,-5.516525017452224,0,0.07836563380629968,1.0002748007694422,1456.0,1455.6,sideways,0.22323961240276446,BUY
BUY,2026-08-07 20:08:00,104.01501225106509,2026-08-07 22:08:00,103.40521390059992,-0.6097983504651694,0,0.041886992073230545,1.271309239686328,1491.5,1173.2,bull,0.15833218318560682,BUY
BUY,2026-08-07 14:56:00,99.38407040163233,2026-08-07 17:05:00,99.48061398207909,0.09654358044676314,1,0.02217087280850194,1.2148832563366214,1946.0,1601.8,bull,0.118037665601193,BUY
BUY,2026-08-07 19:47:00,100.49816746085145,2026-08-07 21:56:00,97.3229920906889,-3.175175370162549,0,0.07636334720348259,0.8566501505877782,1763.5,2058.6,bull,0.5436209572516333,BUY
SELL,2026-08-07 11:39:00,97.56287346559076,2026-08-07 14:57:00,96.49217690184682,1.0706965637439367,1,-0.1703781397314117,1.414632363689519,3871.0,2736.4,bear,-0.4072539733198681,SELL
SELL,2026-08-07 16:33:00,91.42218457116262,2026-08-07 20:44:00,92.04622894973251,-0.6240443785698915,0,-0.09053792105639502,1.2473423104181431,2464.0,1975.4,bear,-0.8007073549595276,SELL
SELL,2026-08-07 21:18:00,88.93093013679876,2026-08-08 00:00:00,85.35454703176296,3.576383105035802,1,-0.003369203271290644,0.7095479855879463,1733.0,2442.4,bear,0.1847088010261757,SELL
SELL,2026-08-08 00:04:00,84.17223396056002,2026-08-08 00:35:00,85.33687051387139,-1.164636553311368,0,-0.0066449295502906125,1.3428126217374368,3447.0,2567.0,bull,0.07774125400169396,SELL
BUY,2026-08-07 15:25:00,96.7792842432727,2026-08-07 16:24:00,92.25794957858245,-4.521334664690244,0,0.02310623671122869,1.0522591466610756,2007.5,1907.8,bull,0.4808004661409484,BUY
BUY,2026-08-07 19:47:00,89.81259325100363,2026-08-07 21:21:00,86.84172815163231,-2.9708650993713235,0,0.08418811240834145,1.7310694769711163,5322.0,3074.4,bull,0.37557625208204115,BUY
SELL,2026-08-07 12:02:00,101.9537173092209,2026-08-07 15:08:00,102.0819773136111,-0.12826000439019936,0,-0.11497527054636691,1.4267327493468571,3713.5,2602.8,bear,0.1006696875768256,SELL
SELL,2026-08-07 17:18:00,100.64230233240703,2026-08-07 19:49:00,102.63247623329153,-1.9901739008844999,0,-0.04748652598387082,0.9038771447530571,1907.0,2109.8,bear,-0.13157316447848189,SELL
SELL,2026-08-07 21:57:00,100.9848388972094,2026-08-07 23:35:00,103.36037040100838,-2.3755315037989817,0,-0.020843276321372173,1.1582699939463241,3444.0,2973.4,bear,0.3490115997395691,SELL
SELL,2026-08-07 12:18:00,102.70717500396073,2026-08-07 14:38:00,104.21571325825569,-1.5085382542949617,0,-0.039188383687985606,0.9599125364431487,1317.0,1372.0,bear,0.11323531932842457,SELL
SELL,2026-08-07 17:03:00,104.43547993912178,2026-08-07 19:07:00,106.82690049200903,-2.3914205528872543,0,-0.03417134185482951,1.401056338028169,1989.5,1420.0,bear,-0.12928006358077937,SELL
SELL,2026-08-07 22:13:00,107.80107432540312,2026-08-07 23:41:00,110.40232357734389,-2.6012492519407715,0,-0.056189772472649224,1.4008731381612738,2727.5,1947.0,bear,-0.118537487481845,SELL
BUY,2026-08-07 09:25:00,101.16916222312194,2026-08-07 11:45:00,100.83908796268297,-0.3300742604389768,0,0.04196569920881643,1.3296620144610727,3163.0,2378.8,bull,0.4038442666405615,BUY
BUY,2026-08-07 15:09:00,95.40981143420737,2026-08-07 16:41:00,90.6323662029192,-4.777445231288169,0,0.0073428497962026995,0.8867159118430613,1464.5,1651.6,bull,-0.38822944282557614,BUY
BUY,2026-08-07 20:00:00,89.52864536009935,2026-08-07 21:53:00,88.04052959254376,-1.488115767555584,0,0.04647141811106792,1.0010488647581441,1622.5,1620.8,bull,0.7610218745915489,BUY
BUY,2026-08-07 09:22:00,100.85983669747486,2026-08-07 12:16:00,100.92642123134253,0.06658453386766894,1,0.014493072759208303,1.856970617129588,4158.5,2239.4,bull,0.693844777559093,BUY
BUY,2026-08-07 13:03:00,106.78901883315316,2026-08-07 17:23:00,109.91335604664494,3.1243372134917706,1,0.00146532897480256,1.1054301833568405,1567.5,1418.0,sideways,0.7699672033233895,BUY
BUY,2026-08-07 19:32:00,113.39514336663868,2026-08-07 21:33:00,111.9589943492517,-1.436149017386981,0,0.04408630611692388,0.395396440805414,946.5,2393.8,bull,-0.4946831649499046,BUY
BUY,2026-08-07 15:09:00,98.75331262679181,2026-08-07 16:40:00,95.7440295278797,-3.009283098912107,0,0.025648533859197187,1.0080091533180777,881.0,874.0,bull,-0.45430104948384553,BUY
BUY,2026-08-07 19:59:00,94.00819424060285,2026-08-07 21:48:00,91.03312967944561,-2.9750645611572395,0,0.024385397370096484,0.8380622110130307,1595.0,1903.2,bull,0.2845618852295928,BUY
BUY,2026-08-07 15:17:00,104.58085920982329,2026-08-07 16:16:00,103.10632569440985,-1.474533515413441,0,0.00359016770178755,0.5422317093587812,1295.5,2389.2,bull,-0.48699342034389304,BUY
BUY,2026-08-07 20:06:00,100.4200374184871,2026-08-07 21:52:00,98.59604846574165,-1.8239889527454523,0,0.08513954428391912,1.1408426775399252,1343.0,1177.2,bull,-0.2120981046560928,BUY
BUY,2026-08-07 15:33:00,92.71385151705903,2026-08-07 17:15:00,88.29839267688148,-4.41545884017755,0,0.0726200084984896,0.8360551624024678,921.5,1102.2,bull,0.5570839117149973,BUY
BUY,2026-08-07 20:38:00,84.07456605264615,2026-08-07 21:10:00,81.60801663008063,-2.466549422565521,0,0.0031198470979916237,1.0811036789297659,1939.5,1794.0,bull,0.10509482976354434,BUY
BUY,2026-08-07 13:50:00,106.36912973945614,2026-08-07 16:28:00,107.63243321829772,1.2633034788415785,1,0.03519552359534828,0.7027017519172589,1997.5,2842.6,sideways,0.41928043120282155,BUY
BUY,2026-08-07 20:07:00,101.24603633097482,2026-08-07 21:47:00,97.65665176983228,-3.5893845611425377,0,0.043856473935662166,1.305894003961347,4351.5,3332.2,bull,-0.421737292140989,BUY
BUY,2026-08-07 15:16:00,103.49858930956219,2026-08-07 16:58:00,102.41465197625011,-1.083937333312079,0,0.044620694549522,1.551524134819875,4815.0,3103.4,bull,0.32233516993481715,BUY
BUY,2026-08-07 20:06:00,102.75568541577655,2026-08-07 22:11:00,100.80356765807238,-1.9521177577041726,0,0.06998174595071305,1.3207729468599034,4101.0,3105.0,bull,0.8573504542171406,BUY
SELL,2026-08-07 09:25:00,99.22088650610962,2026-08-07 09:34:00,101.01584220711511,-1.7949557010054917,0,-0.008487750202434086,1.3535429141716566,2712.5,2004.0,bull,-0.17004260022396522,SELL
SELL,2026-08-07 12:04:00,101.13849956897087,2026-08-07 14:59:00,100.66375361565716,0.4747459533137146,1,-0.1816656780143262,0.7553667262969589,844.5,1118.0,bear,0.2928456298895554,SELL
SELL,2026-08-07 16:42:00,98.89578857072111,2026-08-07 19:36:00,99.02383182282693,-0.1280432521058259,0,-0.05932150923921142,0.9703864815124644,2320.0,2390.8,bear,-0.12185673070813152,SELL
SELL,2026-08-07 22:21:00,103.22924682148654,2026-08-07 23:40:00,105.0543735669444,-1.8251267454578652,0,-0.015228654963692634,1.0857049241715033,2319.5,2136.4,bear,0.019633230787107436,SELL
BUY,2026-08-07 13:59:00,108.99863536987854,2026-08-07 16:49:00,111.17371107261926,2.1750757027407133,1,0.023270814482998503,0.8461318051575931,1476.5,1745.0,sideways,0.19635524972852636,BUY
BUY,2026-08-07 20:20:00,110.45768194161268,2026-08-07 22:05:00,108.10652118074988,-2.351160760862797,0,0.09915005752699813,1.0590277777777777,1311.5,1238.4,bull,-0.20019832661239434,BUY
BUY,2026-08-07 15:10:00,102.88117538487145,2026-08-07 17:15:00,99.96424168936261,-2.9169336955088454,0,0.026688311484946325,0.884375,1273.5,1440.0,bull,0.07037952123268099,BUY
BUY,2026-08-07 15:57:00,102.4786625790934,2026-08-07 16:18:00,100.66508070861781,-1.8135818704755877,0,0.02692393416899108,0.3766229056357438,1038.5,2757.4,bear,0.18302726656155244,BUY
BUY,2026-08-07 19:56:00,97.28044350269305,2026-08-07 22:35:00,97.72412472076009,0.4436812180670415,1,0.0034071668005850597,0.9504403222784334,1014.5,1067.4,bull,-0.06781179809952675,BUY
BUY,2026-08-07 15:02:00,95.34375646332288,2026-08-07 16:56:00,92.65050287199578,-2.6932535913270925,0,0.07173613698535064,0.8618012422360248,1498.5,1738.8,bull,-0.5820985970722319,BUY
BUY,2026-08-07 19:08:00,95.96387805586798,2026-08-07 22:41:00,99.05349330366006,3.089615247792082,1,0.07774294359113298,1.1658415841584158,1884.0,1616.0,sideways,0.6533605864583336,BUY
BUY,2026-08-07 14:53:00,103.54600794376958,2026-08-07 17:31:00,105.08204514811851,1.5360372043489292,1,0.03450971610790532,1.56054233040988,3487.5,2234.8,bull,0.33914520321694397,BUY
BUY,2026-08-07 19:57:00,105.63524108524913,2026-08-07 21:28:00,103.37598844187525,-2.259252643373884,0,0.021548186760284693,0.8192438402718777,1928.5,2354.0,bull,0.29905313546328216,BUY
SELL,2026-08-07 11:55:00,100.19971716105587,2026-08-07 15:17:00,97.89683373826948,2.302883422786394,1,-0.04180644388924293,0.7878735232800556,907.0,1151.2,bear,-0.5968209220993685,SELL
SELL,2026-08-07 16:30:00,93.67525374405595,2026-08-07 19:12:00,93.66582945501175,0.00942428904420467,1,-0.09252008307831261,1.5215641173087981,2646.0,1739.0,bear,-0.6184813545275887,SELL
SELL,2026-08-07 22:34:00,100.3812938589893,2026-08-07 23:07:00,103.94048774886193,-3.559193889872631,0,-0.05072924500399267,0.9948053045020694,2355.5,2367.8,bear,-0.1590524054752649,SELL
BUY,2026-08-07 14:56:00,99.7849818323959,2026-08-07 16:40:00,98.08214350699438,-1.7028383254015154,0,0.03820813840427206,1.5084579368675426,3995.0,2648.4,bull,0.21230565867806206,BUY
BUY,2026-08-07 19:43:00,99.58384603332956,2026-08-07 22:07:00,100.12223179260077,0.5383857592712076,1,0.07552238939933886,1.4906816822802471,2991.5,2006.8,bull,0.38716616577252694,BUY
BUY,2026-08-07 14:51:00,99.53435626658454,2026-08-07 17:00:00,99.00101817658586,-0.5333380899986793,0,0.0002658244693520828,0.9194721705295212,1087.0,1182.2,bull,0.32664117391827574,BUY
BUY,2026-08-07 19:37:00,101.34292913953045,2026-08-07 22:20:00,101.9817410852638,0.6388119457333516,1,0.08789586877374234,1.3825757575757576,3869.0,2798.4,bull,0.882452526632008,BUY
BUY,2026-08-07 09:57:00,101.78173281054856,2026-08-07 11:33:00,98.12428810415562,-3.657444706392937,0,0.05211079247905559,1.2309601232243712,1438.5,1168.6,bull,0.7564150070200668,BUY
BUY,2026-08-07 14:23:00,100.41492142785708,2026-08-07 17:45:00,106.20217219784625,5.787250769989171,1,0.06496641821676974,1.6607258587167857,3587.5,2160.2,bull,-0.27136529495057005,BUY
BUY,2026-08-07 19:26:00,106.60531545907389,2026-08-07 22:15:00,107.71154895864015,1.1062334995662582,1,0.011348029938631043,0.8725790720356694,1252.5,1435.4,bull,-0.5251723014637406,BUY
BUY,2026-08-07 13:31:00,109.17697113487107,2026-08-07 17:03:00,111.60488988676012,2.4279187518890524,1,0.07029620038676399,1.157132768361582,1638.5,1416.0,sideways,-0.19145102042099893,BUY
BUY,2026-08-07 20:16:00,110.00588456202316,2026-08-07 21:45:00,105.80657370208333,-4.199310859939828,0,0.05644888758051536,0.6569003285870756,1199.5,1826.0,bull,-0.2443565842628317,BUY
SELL,2026-08-07 09:31:00,99.65619626730161,2026-08-07 09:59:00,101.81392779789236,-2.157731530590752,0,-0.013061720900552132,0.473841211564938,2065.0,4358.0,bull,0.045524775316636124,SELL
SELL,2026-08-07 11:55:00,100.22925029855818,2026-08-07 14:47:00,98.95677801865503,1.2724722799031554,1,-0.06190796277248012,1.4159270692649046,2935.5,2073.2,bear,-0.2957888881171158,SELL
SELL,2026-08-07 17:08:00,100.79123388066785,2026-08-07 17:10:00,101.4534071097485,-0.6621732290806506,0,-0.0015138802526593054,1.5944930141351417,3903.0,2447.8,bear,-0.13750885033095983,SELL
SELL,2026-08-07 17:12:00,101.02848112275358,2026-08-07 19:48:00,101.87467836955497,-0.8461972468013954,0,-0.010090017212192492,0.9777124881291548,3294.5,3369.6,bear,-0.3019010206967465,SELL
SELL,2026-08-07 22:05:00,101.25173950882574,2026-08-07 23:10:00,104.03623519282442,-2.784495683998685,0,-0.07150824872594796,1.1717020805666223,2117.5,1807.2,bear,-0.35613387886334635,SELL
SELL,2026-08-07 12:02:00,101.62055196886563,2026-08-07 14:57:00,102.81495002230336,-1.1943980534377374,0,-0.0892157548045418,0.9008097165991902,1379.5,1531.4,bear,-0.7639106696984044,SELL
SELL,2026-08-07 17:24:00,103.30857464360562,2026-08-07 19:59:00,103.2042464291596,0.1043282144460278,1,-0.004340367737754036,1.3233955393718706,1744.5,1318.2,bear,0.3226759250728861,SELL
SELL,2026-08-07 21:42:00,100.90133426143647,2026-08-08 00:08:00,100.1304718635965,0.7708623978399771,1,-0.03090170649358015,0.7559870112298741,1117.5,1478.2,bear,-0.2840594413475941,SELL
BUY,2026-08-07 15:02:00,106.65557026503812,2026-08-07 17:10:00,102.52583404319476,-4.129736221843359,0,0.17308865327444778,1.0174196018376722,1594.5,1567.2,bull,0.44340352197507116,BUY
BUY,2026-08-07 20:31:00,100.20702381016446,2026-08-07 22:19:00,97.31569583179493,-2.8913279783695316,0,0.07455172737225269,1.4582413945278023,2643.5,1812.8,bull,-0.021495515868295456,BUY
SELL,2026-08-07 11:47:00,100.07031090194852,2026-08-07 15:01:00,97.64131496304896,2.4289959388995612,1,-0.062204870488599795,0.8682440405947605,1471.5,1694.8,bear,-0.08753356628137965,SELL
SELL,2026-08-07 17:15:00,95.92858671953974,2026-08-07 19:50:00,98.74526816356027,-2.8166814440205314,0,-0.13459369310709235,1.24074259407526,2479.5,1998.4,bear,-0.046895674722378544,SELL
SELL,2026-08-07 22:01:00,97.32583567606476,2026-08-07 23:44:00,99.88013126968677,-2.5542955936220153,0,-0.03047300687819643,1.3023663669597865,5272.5,4048.4,bear,0.38563482736121557,SELL
BUY,2026-08-07 14:38:00,103.19557983383677,2026-08-07 16:46:00,103.70593323565015,0.5103534018133757,1,0.019024747437853762,0.6185229303156641,1038.5,1679.0,bull,-0.18375823559701132,BUY
BUY,2026-08-07 18:33:00,105.99491342613359,2026-08-07 21:56:00,105.61796630951632,-0.37694711661727354,0,0.05146346263261137,1.3960494203782794,1830.5,1311.2,sideways,-0.382745556122984,BUY
BUY,2026-08-07 14:34:00,102.72308689207851,2026-08-07 16:47:00,99.7760337434984,-2.9470531485801104,0,0.07891116523816777,0.7928662273095156,1371.5,1729.8,bull,0.21866847325479455,BUY
BUY,2026-08-07 19:58:00,95.84335367841274,2026-08-07 19:59:00,95.62415284930124,-0.21920082911150018,0,0.0006592688514643896,1.3390716568993075,4021.5,3003.2,bull,-0.07896401915353124,BUY
BUY,2026-08-07 20:01:00,96.00557919577659,2026-08-07 21:48:00,94.89539475930148,-1.1101844364751088,0,0.009623687284758375,0.8499318388367161,2244.5,2640.8,bull,0.2738411791012112,BUY
SELL,2026-08-07 11:58:00,100.85874142796517,2026-08-07 15:02:00,99.14776583015355,1.7109755978116254,1,-0.034014146820169344,1.1504626985033704,2014.0,1750.6,bear,0.08029891606818751,SELL
SELL,2026-08-07 17:05:00,96.436784772632,2026-08-07 19:43:00,96.64034400533411,-0.20355923270211917,0,-0.0018945192255728216,0.6833929795172466,1795.0,2626.6,bear,-0.2014628239528662,SELL
SELL,2026-08-07 21:48:00,96.76257595884339,2026-08-07 23:38:00,97.5907551025638,-0.8281791437204191,0,-0.03792911306018709,0.8463832960477257,2497.0,2950.2,bear,-0.1424010698637801,SELL
BUY,2026-08-07 14:50:00,100.82435899040497,2026-08-07 16:58:00,101.60435579169392,0.7799968012889451,1,0.0429524760269544,0.9977578475336323,1691.0,1694.8,bull,0.37778177033223415,BUY
BUY,2026-08-07 19:39:00,102.75479216146674,2026-08-07 21:44:00,99.25447596813908,-3.500316193327663,0,0.013224135381690871,1.1334531565940238,3027.0,2670.6,bull,-0.17924140380715414,BUY
SELL,2026-08-07 17:41:00,118.02109081767291,2026-08-07 18:26:00,123.08253403651767,-5.061443218844758,0,-0.0018575452698001982,1.4776728209531989,3441.5,2329.0,sideways,-0.9305606954940231,SELL
SELL,2026-08-07 22:29:00,128.68180407052725,2026-08-07 22:57:00,134.00494610289135,-5.323142032364103,0,-0.056088202727039516,1.5393570920380313,4760.0,3092.2,bear,-0.19857531013434482,SELL
BUY,2026-08-07 15:10:00,101.19062015557893,2026-08-07 16:44:00,97.32160466101304,-3.869015494565886,0,0.062239400042201964,1.351293716235428,2851.5,2110.2,bull,0.3207853633885094,BUY
BUY,2026-08-07 19:47:00,98.28007265979947,2026-08-07 22:33:00,99.1776506474615,0.8975779876620322,1,0.10514467204535549,1.172224351603424,1835.0,1565.4,bull,-0.17731922701223368,BUY
BUY,2026-08-07 15:26:00,98.09893425426891,2026-08-07 18:12:00,99.01527602240438,0.9163417681354673,1,0.017590031075386037,0.7784875467802297,1206.5,1549.8,bull,0.11237768069732113,BUY
BUY,2026-08-07 18:30:00,100.79060971522883,2026-08-07 22:00:00,102.979086274998,2.188476559769171,1,0.016232328770882987,1.1589259796806968,1597.0,1378.0,sideways,-0.3807213781405352,BUY
BUY,2026-08-07 15:26:00,102.19978853423943,2026-08-07 17:05:00,99.0348990330882,-3.1648895011512366,0,0.0750971671962759,0.5835134300710096,756.0,1295.6,bull,-0.35343669184049986,BUY
BUY,2026-08-07 19:39:00,99.55988907073004,2026-08-07 21:58:00,98.43410604786308,-1.1257830228669548,0,0.02134715354770833,0.9260985352862849,1391.0,1502.0,bull,-0.10609819324363912,BUY
SELL,2026-08-07 12:15:00,103.83770432009656,2026-08-07 13:35:00,105.98456648328509,-2.14686216318853,0,-0.06607106057673207,0.804095953002611,985.5,1225.6,bear,-0.38332690064834196,SELL
SELL,2026-08-07 13:41:00,104.62956990547038,2026-08-07 14:33:00,106.18467822305603,-1.555108317585649,0,-0.021373360406016673,1.8741304683876951,4849.5,2587.6,sideways,0.4357089886178187,SELL
SELL,2026-08-07 16:41:00,105.42923650123679,2026-08-07 20:42:00,99.2083856311992,6.22085087003758,1,-0.017952826002300526,0.39379861711322384,729.0,1851.2,bear,0.37844206257578605,SELL
SELL,2026-08-07 21:47:00,94.9315804026312,2026-08-07 23:20:00,99.48862793161685,-4.557047528985649,0,-0.09112369957355781,0.989028718941594,1839.0,1859.4,bear,-1.6122052174857942,SELL
SELL,2026-08-07 12:21:00,105.83219402260727,2026-08-07 14:31:00,107.1618360127411,-1.3296419901338368,0,-0.0008980028253091632,0.7312597762002165,1215.5,1662.2,bear,-0.20137485549227563,SELL
SELL,2026-08-07 17:03:00,109.49426069073385,2026-08-07 20:30:00,107.51511645264068,1.9791442380931699,1,-0.07584662404050846,0.49535214806130146,1183.0,2388.2,bear,0.09524617497471866,SELL
SELL,2026-08-07 21:07:00,105.96827716830984,2026-08-07 23:22:00,107.28176314873305,-1.3134859804232093,0,-0.011761799068906953,1.2077600772387158,2001.5,1657.2,bear,0.4680231918750195,SELL
BUY,2026-08-07 14:55:00,103.99655002431346,2026-08-07 17:39:00,104.967440259921,0.9708902356075413,1,0.09880454726231847,1.0200224026883224,1457.0,1428.4,bull,0.15018690392598444,BUY
BUY,2026-08-07 18:08:00,108.87050950383029,2026-08-07 21:39:00,109.07212870986568,0.20161920603538874,1,0.0466088575256407,1.397374555269292,2278.0,1630.2,sideways,-0.13415255057654463,BUY
BUY,2026-08-07 15:13:00,104.43619380120882,2026-08-07 16:54:00,102.83894325949497,-1.5972505417138478,0,0.009791475904663116,0.5853281853281853,1516.0,2590.0,bull,0.7905699696731574,BUY
BUY,2026-08-07 20:06:00,100.41476324337663,2026-08-07 21:28:00,95.52711961170694,-4.88764363166969,0,0.003730102852060213,1.3214200334688022,2211.0,1673.2,bull,0.00857201935279761,BUY
BUY,2026-08-07 15:27:00,103.8176923910842,2026-08-07 16:47:00,100.96806364315671,-2.8496287479274827,0,0.009300898079644071,0.8144219148650462,1213.0,1489.4,bull,0.6278334405632933,BUY
BUY,2026-08-07 19:39:00,100.95918492175893,2026-08-07 21:34:00,96.17177930365204,-4.787405618106888,0,0.05962766395568053,1.124079915878023,2138.0,1902.0,bull,-0.23583955911234966,BUY
BUY,2026-08-07 14:12:00,97.60185936902367,2026-08-07 17:23:00,102.8570506173207,5.255191248297024,1,0.03100660404828659,0.7887668616449802,1321.5,1675.4,sideways,-0.43170587832359786,BUY
BUY,2026-08-07 19:00:00,106.86291904995656,2026-08-07 22:18:00,110.13715324926119,3.2742341993046296,1,0.09538765969018925,1.08507330075522,1954.0,1800.8,sideways,0.31426006896919034,BUY
SELL,2026-08-07 12:32:00,105.44109019425417,2026-08-07 14:36:00,110.8015089544109,-5.360418760156733,0,-0.14217519624551755,1.2046553808948004,1992.5,1654.0,bear,-0.4736890961565763,SELL
SELL,2026-08-07 17:35:00,111.55480562264366,2026-08-07 19:42:00,116.73197347341994,-5.177167850776286,0,-0.1661781053803253,0.6110132615002072,1179.5,1930.4,sideways,-0.09228789430576967,SELL
SELL,2026-08-07 22:19:00,117.41021227995519,2026-08-07 23:01:00,121.75217450675392,-4.341962226798728,0,-0.07585597350737316,1.1776811594202898,2031.5,1725.0,bear,-0.6606195922894216,SELL
BUY,2026-08-07 14:50:00,103.34939265395245,2026-08-07 17:07:00,103.5786544746905,0.22926182073804569,1,0.05063414828110524,1.5610810810810811,1444.0,925.0,bull,-0.2873683877210169,BUY
BUY,2026-08-07 19:22:00,104.68669466521449,2026-08-07 21:43:00,103.67999328716765,-1.0067013780468415,0,0.05769691197744464,1.06737012987013,1709.5,1601.6,bull,0.7053976247090503,BUY
BUY,2026-08-07 15:02:00,105.74957781105084,2026-08-07 17:27:00,104.29654952611011,-1.4530282849407286,0,0.13842741749888887,1.47021484375,3011.0,2048.0,bull,-0.709761161137024,BUY
BUY,2026-08-07 19:45:00,108.3832057742914,2026-08-07 22:17:00,107.91227018318014,-0.4709355911112567,0,0.1085595979079983,1.1202046035805626,1752.0,1564.0,bull,0.09908012133607258,BUY
SELL,2026-08-07 12:24:00,104.44398149980776,2026-08-07 14:14:00,105.9064805770787,-1.4624990772709339,0,-0.02585621526822024,1.1375928317726833,2818.5,2477.6,bear,-0.29714185312718655,SELL
SELL,2026-08-07 22:47:00,125.88396402030307,2026-08-07 22:55:00,128.55761097583851,-2.673646955535446,0,-0.028208773864534464,1.183445445217193,2076.0,1754.2,bull,0.0519201063087138,SELL
SELL,2026-08-07 12:57:00,109.15317933612866,2026-08-07 13:14:00,110.89992148210519,-1.7467421459765262,0,-0.02477835512442539,1.1511627906976745,2178.0,1892.0,sideways,0.2814142976752976,SELL
SELL,2026-08-07 13:20:00,109.38552899137547,2026-08-07 14:20:00,111.1661792625459,-1.7806502711704297,0,-0.015521946307146095,0.8476380572188955,1274.0,1503.0,sideways,-0.47398783250720555,SELL
SELL,2026-08-07 16:50:00,112.89372123421956,2026-08-07 19:43:00,112.77402370044288,0.11969753377667303,1,-0.0877344889788958,0.41209580150479586,1435.0,3482.2,bear,-0.21182639376158363,SELL
SELL,2026-08-07 22:04:00,111.934588882618,2026-08-07 23:24:00,114.68935636555247,-2.7547674829344686,0,-0.051801209337455134,0.5574309118732559,1238.5,2221.8,bear,-0.9307103661506346,SELL
SELL,2026-08-07 13:00:00,109.26681351108941,2026-08-07 13:45:00,111.97886668208584,-2.712053170996427,0,-0.02674007455985361,1.3557576797666036,1580.0,1165.4,sideways,0.01578024877670714,SELL
SELL,2026-08-07 17:24:00,117.44768642916151,2026-08-07 19:46:00,118.19411319195056,-0.7464267627890564,0,-0.043282352616088815,0.763888888888889,1012.0,1324.8,bear,-0.07000705614383662,SELL
SELL,2026-08-07 22:20:00,118.39613705587452,2026-08-07 23:08:00,123.6640650233095,-5.267927967434986,0,-0.10068481114880967,1.3704819277108433,2366.0,1726.4,bear,-0.002472422507324268,SELL
SELL,2026-08-07 10:37:00,98.97348824922383,2026-08-07 10:51:00,101.62396962554983,-2.650481376325999,0,-0.022132929975796856,1.1543646781260533,2055.0,1780.2,bull,-0.5627920744606882,SELL
SELL,2026-08-07 11:19:00,98.19034346955027,2026-08-07 15:23:00,96.92984440005424,1.260499069496035,1,-0.05345733135268915,0.5838253573648229,751.5,1287.2,bear,-0.17255919078887416,SELL
SELL,2026-08-07 16:36:00,94.01241430829276,2026-08-07 20:07:00,91.8287507938224,2.1836635144703678,1,-0.01687722894389765,1.1036036036036037,1666.0,1509.6,bear,-0.4589081420439953,SELL
SELL,2026-08-07 21:51:00,87.9600424545569,2026-08-07 23:34:00,91.14170762701902,-3.181665172462118,0,-0.1253229982288815,0.8131699034277832,1532.5,1884.6,bear,-0.4990795868930462,SELL
BUY,2026-08-07 15:10:00,104.99456903934497,2026-08-07 16:39:00,103.16378343695675,-1.830785602388218,0,0.06582967725680078,1.0212443095599393,2019.0,1977.0,bull,-0.16884746892993974,BUY
BUY,2026-08-07 19:43:00,102.5507358944748,2026-08-07 21:51:00,100.84448752678318,-1.7062483676916145,0,0.028633871182137227,1.161449016100179,2597.0,2236.0,bull,0.3297203604831651,BUY
SELL,2026-08-07 10:48:00,100.25565044523667,2026-08-07 14:40:00,99.50530219921154,0.7503482460251263,1,-0.0011889148395312077,1.140717754991905,3382.0,2964.8,bull,0.17019979813477448,SELL
SELL,2026-08-07 17:05:00,97.73433931426057,2026-08-07 19:54:00,98.48009836463864,-0.7457590503780693,0,-0.14791446498055905,1.3659710207612457,2526.5,1849.6,bear,-0.27812176842300573,SELL
SELL,2026-08-07 22:03:00,96.2112577827956,2026-08-07 23:41:00,99.68076811422272,-3.4695103314271165,0,-0.060252823003736466,0.5068739162744612,818.5,1614.8,bear,-0.6319190230625082,SELL
BUY,2026-08-07 15:12:00,108.97490436347638,2026-08-07 17:20:00,107.83315475080158,-1.1417496126748006,0,0.058289669894321605,1.1464441437377837,1525.0,1330.2,bull,-0.09067983825335091,BUY
BUY,2026-08-07 19:22:00,109.17873279660328,2026-08-07 22:05:00,109.66031209098597,0.48157929438268354,1,0.026425837585080103,0.8461574773413897,1792.5,2118.4,bull,-0.09814361056207588,BUY
SELL,2026-08-07 09:22:00,99.2258101359128,2026-08-07 09:36:00,101.48137280679204,-2.255562670879243,0,-0.01959085792347537,0.46516678248783877,535.5,1151.2,bull,-0.6943779040752958,SELL
SELL,2026-08-07 12:30:00,104.6617301092659,2026-08-07 14:45:00,104.32370685205393,0.33802325721197235,1,-0.043229853107050076,1.7092371210253883,5547.5,3245.6,bear,-0.5028183650946119,SELL
SELL,2026-08-07 17:21:00,105.44342624605218,2026-08-07 19:57:00,105.17511955583686,0.2683066902153257,1,-0.0566489620656796,0.6512365766352098,800.5,1229.2,bear,-0.7202828102928152,SELL
SELL,2026-08-07 22:14:00,105.00086532707806,2026-08-07 23:33:00,108.46653293464041,-3.4656676075623523,0,-0.1079060367411131,1.0467289719626167,1456.0,1391.0,bear,-0.37170220621516137,SELL
BUY,2026-08-07 15:07:00,103.67761187468892,2026-08-07 16:30:00,100.04736149592662,-3.630250378762298,0,0.050953787544443685,0.8378336676438821,1086.0,1296.2,bull,0.037128208731175505,BUY
BUY,2026-08-07 20:10:00,96.18994063770967,2026-08-07 21:57:00,95.37454849792859,-0.8153921397810819,0,0.008661744101914337,0.8652829656776375,2455.5,2837.8,bull,-0.5235264017028669,BUY
SELL,2026-08-07 12:14:00,102.9659755849876,2026-08-07 14:57:00,102.29617028011478,0.6698053048728241,1,-0.09823870876074636,0.4646617123393714,1200.5,2583.6,bear,-0.3451713467336788,SELL
SELL,2026-08-07 16:59:00,99.65468549738588,2026-08-07 20:03:00,98.35698111828631,1.2977043790995708,1,-0.038901333028420026,0.743797519007603,1487.0,1999.2,bear,-0.37825567258165904,SELL
SELL,2026-08-07 21:44:00,95.25556338482863,2026-08-07 23:31:00,98.28987224446533,-3.0343088596366954,0,-0.019780095512487605,1.066489789355202,1326.5,1243.8,bear,-0.3845868926929086,SELL
BUY,2026-08-07 13:48:00,111.00214051527865,2026-08-07 13:58:00,109.1402891044452,-1.8618514108334523,0,0.030557728941417395,0.7772272643082052,1678.5,2159.6,sideways,-0.0733506187773969,BUY
BUY,2026-08-07 14:44:00,111.16762089640802,2026-08-07 17:10:00,110.55261047922683,-0.6150104171811961,0,0.059518007933633044,1.203868881703646,2159.5,1793.8,bull,0.2736223019693682,BUY
BUY,2026-08-07 18:16:00,116.225045606774,2026-08-07 18:56:00,112.90750216840331,-3.3175434383706914,0,0.035957466886074485,1.7288110653325486,5874.5,3398.0,sideways,0.14137816617615329,BUY
BUY,2026-08-07 19:19:00,115.97723827443713,2026-08-07 22:08:00,116.30497119492419,0.32773292048706537,1,0.0051880563473645225,1.296218487394958,2159.5,1666.0,bull,0.7998993955308293,BUY
SELL,2026-08-07 12:07:00,103.04171915057027,2026-08-07 14:24:00,103.76294700913824,-0.7212278585679712,0,-0.07464275618428928,1.2563222543352601,1391.0,1107.2,bear,-0.4131376096747914,SELL
SELL,2026-08-07 17:18:00,106.4714817654719,2026-08-07 19:32:00,106.80834333172389,-0.33686156625198294,0,-0.023676599476274873,0.5605637379380396,883.0,1575.2,bear,-0.11311191838011325,SELL
SELL,2026-08-07 21:57:00,109.56718042005504,2026-08-07 23:30:00,111.96102664519658,-2.3938462251415444,0,-0.04663269973036677,0.8179752587730371,1296.0,1584.4,bear,0.11857788159768745,SELL
BUY,2026-08-07 15:32:00,103.23362398857151,2026-08-07 16:50:00,98.32489484646624,-4.908729142105273,0,0.09264795267701231,1.2193061500337914,1082.5,887.8,bull,-0.4535556313647078,BUY
BUY,2026-08-07 19:56:00,97.49811694935923,2026-08-07 22:19:00,97.52311052823265,0.024993578873420574,1,0.041224683686394314,0.5376697328077091,1473.0,2739.6,bull,0.373923644417701,BUY
SELL,2026-08-07 11:45:00,100.34259219632447,2026-08-07 14:09:00,100.94897930037743,-0.6063871040529563,0,-0.08745973544698415,1.6795267489711934,3265.0,1944.0,bear,-0.033153005499343635,SELL
SELL,2026-08-07 17:29:00,102.17359780232687,2026-08-07 20:05:00,104.2154708840068,-2.041873081679938,0,-0.11060484548643501,1.5551051192608654,3299.0,2121.4,bear,-0.16917159482937905,SELL
SELL,2026-08-07 22:18:00,103.20184305601713,2026-08-07 23:51:00,105.1453834210073,-1.9435403649901701,0,-0.10994229642913922,0.6321022727272728,845.5,1337.6,bear,-0.4285848715667555,SELL
SELL,2026-08-07 12:05:00,103.30260209811516,2026-08-07 13:34:00,105.60915529526036,-2.306553197145206,0,-0.05111623693190381,1.380703761979688,1930.5,1398.2,bear,0.029931850069800703,SELL
SELL,2026-08-07 17:21:00,109.09617939808332,2026-08-07 19:29:00,109.55082022122943,-0.4546408231461072,0,-0.01498291724851697,0.8955648218347232,945.0,1055.2,bear,0.1662016327274074,SELL
SELL,2026-08-07 22:18:00,110.99167142968729,2026-08-07 23:18:00,114.64114542033708,-3.6494739906497955,0,-0.09296113907545589,1.479380553878009,3429.5,2318.2,bear,0.304032253696235,SELL
BUY,2026-08-07 09:28:00,100.5516788336541,2026-08-07 11:57:00,101.91538218610638,1.3637033524522906,1,0.0038713713169471475,1.2135352286773795,1963.5,1618.0,bull,0.06646103411328852,BUY
BUY,2026-08-07 14:56:00,103.43661482969573,2026-08-07 17:07:00,101.67845652494152,-1.758158304754204,0,0.07632510589729691,1.4431049878811073,2262.5,1567.8,bull,0.22077417263668053,BUY
BUY,2026-08-07 19:30:00,104.14844631818569,2026-08-07 22:13:00,103.04746385731171,-1.100982460873979,0,0.036716214782231305,0.8076317859952793,1026.5,1271.0,bull,-0.3236310829383342,BUY
BUY,2026-08-07 13:28:00,106.27190485468304,2026-08-07 13:47:00,102.41238764629173,-3.85951720839131,0,0.04543557043830049,0.7024793388429752,850.0,1210.0,sideways,-0.2281967101644824,BUY
BUY,2026-08-07 14:22:00,106.13750051784555,2026-08-07 16:30:00,104.53660948195225,-1.600891035893298,0,0.08421420257816692,0.5630630630630631,762.5,1354.2,bull,0.4530026904500488,BUY
BUY,2026-08-07 19:45:00,100.92212088478455,2026-08-07 22:11:00,101.93899585980989,1.0168749750253454,1,0.03633850235790703,1.1940224406712343,2405.0,2014.2,bull,0.07749308067738525,BUY
BUY,2026-08-07 15:55:00,98.93688489221256,2026-08-07 16:39:00,95.05040494739035,-3.886479944822213,0,0.0434692548922726,1.9249410972736452,5719.0,2971.0,bear,-0.002959484267876178,BUY
BUY,2026-08-07 19:34:00,92.75271202524812,2026-08-07 22:03:00,93.4672495813071,0.7145375560589855,1,0.0697852061555011,0.8216608304152075,985.5,1199.4,bull,0.07730358620584354,BUY
SELL,2026-08-07 11:38:00,99.73023782091882,2026-08-07 15:19:00,97.32933824883693,2.400899572081883,1,-0.045691444610810095,1.1055063785472532,1698.5,1536.4,bear,-0.20879082580147212,SELL
SELL,2026-08-07 16:32:00,92.19785759879258,2026-08-07 18:45:00,94.91979742899876,-2.721939830206182,0,-0.10653888634770681,1.0897863818424567,1632.5,1498.0,bear,0.05853324332866805,SELL
SELL,2026-08-07 22:35:00,96.3963250375955,2026-08-07 22:46:00,99.143807816843,-2.747482779247491,0,-0.04471310324043998,0.40138797711713403,856.0,2132.6,bull,0.48515332829602187,SELL
SELL,2026-08-07 12:08:00,102.75805888312091,2026-08-07 15:34:00,104.78159749581859,-2.0235386126976778,0,-0.11390960263419458,1.6932474723158402,5627.0,3323.2,bear,-0.2766268462535635,SELL
SELL,2026-08-07 17:02:00,100.55093248501466,2026-08-07 20:51:00,92.68213073219124,7.8688017528234155,1,-0.11172782037775164,1.3764236902050113,2417.0,1756.0,bear,-0.6206922182557975,SELL
SELL,2026-08-07 21:19:00,90.42330327966351,2026-08-07 23:46:00,88.79905827036697,1.6242450092965441,1,-0.007439359831437287,0.7116382505559673,1536.0,2158.4,bear,-0.1912358304968791,SELL
SELL,2026-08-07 11:35:00,99.23968757267768,2026-08-07 14:54:00,99.44763784718616,-0.2079502745084767,0,-0.0746070413930795,0.5158528314682944,608.5,1179.6,bear,0.34699036344652257,SELL
SELL,2026-08-07 17:41:00,101.16885750416462,2026-08-07 19:27:00,101.83423548708956,-0.6653779829249373,0,-0.013027141725331148,1.0479208361129642,1885.0,1798.8,sideways,-0.09033099199474748,SELL
SELL,2026-08-07 19:30:00,101.36249474806056,2026-08-07 19:32:00,102.07444111784349,-0.711946369782936,0,-0.004321544391558518,1.1021641942694573,2169.5,1968.4,bull,-0.19377770780349124,SELL
SELL,2026-08-07 22:14:00,102.94898646560404,2026-08-07 23:36:00,107.2703816702268,-4.32139520462276,0,-0.059459374245790286,1.447222836910821,2616.0,1807.6,bear,0.014964351617209104,SELL
BUY,2026-08-07 20:28:00,114.96110214445606,2026-08-07 21:40:00,113.76335613229658,-1.1977460121594845,0,0.02435984480095499,1.433515266571745,3624.5,2528.4,bull,-0.17563655966529268,BUY
BUY,2026-08-07 09:20:00,100.29206762874907,2026-08-07 12:01:00,103.32613230837282,3.0340646796237536,1,0.0020272587169500866,0.7500882456759619,850.0,1133.2,bull,0.5575332518664737,BUY
BUY,2026-08-07 14:32:00,103.95634660933,2026-08-07 17:35:00,108.83837622134901,4.882029612019011,1,0.03248859946842231,1.4226068014038487,2351.0,1652.6,bull,-0.10777211346808713,BUY
BUY,2026-08-07 19:31:00,113.52954735196099,2026-08-07 22:21:00,114.30805876237999,0.7785114104190001,1,0.02052002540938247,1.6319844470046083,4533.0,2777.6,bull,0.47131056450021447,BUY
SELL,2026-08-07 11:55:00,101.50584953195478,2026-08-07 14:26:00,101.48218441920108,0.02366511275370442,1,-0.02914459867436392,1.5083201267828843,1903.5,1262.0,bear,-0.2316096760186923,SELL
SELL,2026-08-07 16:50:00,102.12473776376775,2026-08-07 19:37:00,102.91629273895892,-0.7915549751911612,0,-0.11162989425741898,0.974025974025974,1050.0,1078.0,bear,-0.6379038386569817,SELL
SELL,2026-08-07 21:45:00,101.50563566871192,2026-08-07 23:55:00,103.81203655409354,-2.3064008853816205,0,-0.06716966578018457,0.7092804648777986,830.0,1170.2,bear,-0.0516143849581141,SELL
SELL,2026-08-07 11:57:00,101.05585676142321,2026-08-07 13:33:00,103.35156021849032,-2.2957034570671055,0,-0.12978443119146732,0.8196271929824561,1495.0,1824.0,bear,-0.20260247726714908,SELL
SELL,2026-08-07 13:52:00,102.17998201062584,2026-08-07 14:19:00,104.10261319394414,-1.9226311833183019,0,-0.00975964019575315,0.48151332760103177,1456.0,3023.8,sideways,-0.2018104278415791,SELL
SELL,2026-08-07 17:39:00,108.41623251556364,2026-08-07 18:03:00,111.72562673948701,-3.309394223923377,0,-0.0030298951760698856,1.358942065491184,2158.0,1588.0,sideways,-0.4604052320666341,SELL
BUY,2026-08-07 14:01:00,108.86805209647011,2026-08-07 16:55:00,109.73606875228774,0.8680166558176268,1,0.025249095060246418,0.9780138620611294,1721.5,1760.2,sideways,0.17787146422763556,BUY
BUY,2026-08-07 19:58:00,111.37637652727318,2026-08-07 22:04:00,109.31800479971297,-2.058371727560214,0,0.026373009208469966,0.93863587769938,878.0,935.4,bull,-0.28671642605341674,BUY
SELL,2026-08-07 12:30:00,103.95660432199902,2026-08-07 13:34:00,107.52019986614754,-3.5635955441485123,0,-0.05620826747953345,0.7003844305622298,1749.0,2497.2,bear,0.35390026239288375,SELL
SELL,2026-08-07 17:19:00,107.66950794430139,2026-08-07 19:43:00,109.37686712890519,-1.7073591846038028,0,-0.054186284485112424,1.1118579312296588,1571.5,1413.4,bear,0.06773233514816468,SELL
SELL,2026-08-07 22:13:00,109.69178603854172,2026-08-07 23:21:00,114.6303788036151,-4.9385927650733805,0,-0.0065226997462701775,1.450600012435491,4666.0,3216.6,bear,-0.6493372001692279,SELL
BUY,2026-08-07 14:54:00,106.76961183018263,2026-08-07 17:25:00,109.09656330433052,2.32695147414789,1,0.07959190635283164,0.8288107597923549,1405.0,1695.2,bull,0.10536003288287077,BUY
BUY,2026-08-07 19:09:00,113.91393701575578,2026-08-07 22:29:00,116.18528450599165,2.2713474902358683,1,0.027590699262347584,1.896643015990681,3582.0,1888.6,sideways,0.6376349344883039,BUY
SELL,2026-08-07 12:15:00,103.83233786857595,2026-08-07 14:48:00,103.39881874806828,0.4335191205076683,1,-0.007350644796744632,0.8561175666438824,1252.5,1463.0,bear,-0.6103666959435117,SELL
SELL,2026-08-07 17:19:00,106.02455325758312,2026-08-07 20:07:00,107.35224227826362,-1.327689020680495,0,-0.051360611559317704,1.39778534923339,3282.0,2348.0,bear,-0.15162232401614517,SELL
SELL,2026-08-07 21:51:00,105.40368265063441,2026-08-07 23:52:00,106.79789824347989,-1.3942155928454838,0,-0.022803394244718334,1.0384660490207576,1771.0,1705.4,bear,-0.0889049019556154,SELL
SELL,2026-08-07 12:01:00,102.06451155010188,2026-08-07 14:12:00,104.08184965983283,-2.017338109730943,0,-0.05683936889575136,0.8327312138728323,2305.0,2768.0,bear,0.38361963253895226,SELL
SELL,2026-08-07 17:04:00,103.02479666039524,2026-08-07 19:53:00,102.30686432940352,0.7179323309917152,1,-0.07206065062702294,0.9040170096438606,2381.0,2633.8,bear,-0.45305644674202483,SELL
SELL,2026-08-07 12:21:00,103.56724633953904,2026-08-07 14:47:00,107.04507581559132,-3.4778294760522783,0,-0.16424254617719214,1.6799145598431262,4797.5,2855.8,bear,-0.030389171015187344,SELL
SELL,2026-08-07 17:04:00,106.98300595051096,2026-08-07 19:39:00,108.213637592547,-1.2306316420360446,0,-0.03475049844941225,0.5743591505738438,1671.5,2910.2,bear,-0.6433227061255877,SELL
SELL,2026-08-07 22:03:00,106.30282613695422,2026-08-08 00:03:00,108.91434032057114,-2.6115141836169187,0,-0.08658280827283704,0.9638878907653612,1609.5,1669.8,bear,-0.0036063087307383057,SELL
